artwork	prop1	prop2
http://dbpedia.org/resource/Statue_of_Rafael_Preciado_Hernández	http://dbpedia.org/resource/Category:Outdoor_sculptures_in_Guadalajara @ http://dbpedia.org/resource/Category:Rotonda_de_los_Jaliscienses_Ilustres @ http://dbpedia.org/resource/Category:Sculptures_of_men_in_Mexico @ http://dbpedia.org/resource/Category:Statues_in_Jalisco	http://dbpedia.org/resource/Rafael_Preciado_Hernández
http://dbpedia.org/resource/Portrait_of_Sir_David_Webster	http://dbpedia.org/resource/Category:1971_paintings @ http://dbpedia.org/resource/Category:20th-century_portraits @ http://dbpedia.org/resource/Category:Paintings_by_David_Hockney @ http://dbpedia.org/resource/Category:Portraits_of_men @ http://dbpedia.org/resource/Category:Royal_Opera_House	http://dbpedia.org/resource/David_Webster_(opera_manager)
http://dbpedia.org/resource/Statue_of_Jeannette_Rankin	http://dbpedia.org/resource/Category:1985_establishments_in_Washington,_D.C. @ http://dbpedia.org/resource/Category:1985_sculptures @ http://dbpedia.org/resource/Category:Bronze_sculptures_in_Washington,_D.C. @ http://dbpedia.org/resource/Category:Monuments_and_memorials_in_Washington,_D.C. @ http://dbpedia.org/resource/Category:Monuments_and_memorials_to_women @ http://dbpedia.org/resource/Category:National_Statuary_Hall_Collection @ http://dbpedia.org/resource/Category:Sculptures_of_women_in_Washington,_D.C.	http://dbpedia.org/resource/Jeannette_Rankin
http://dbpedia.org/resource/Defacement_(The_Death_of_Michael_Stewart)	http://dbpedia.org/resource/Category:1983_paintings @ http://dbpedia.org/resource/Category:Black_people_in_art @ http://dbpedia.org/resource/Category:Paintings_about_death @ http://dbpedia.org/resource/Category:Paintings_by_Jean-Michel_Basquiat @ http://dbpedia.org/resource/Category:Police_brutality_in_the_United_States @ http://dbpedia.org/resource/Category:Political_art	http://dbpedia.org/resource/Death_of_Michael_Stewart
http://dbpedia.org/resource/Afghan_Girl	http://dbpedia.org/resource/Category:1970s_births @ http://dbpedia.org/resource/Category:1980s_photographs @ http://dbpedia.org/resource/Category:1984_in_art @ http://dbpedia.org/resource/Category:1984_works @ http://dbpedia.org/resource/Category:Afghan_expatriates_in_Pakistan @ http://dbpedia.org/resource/Category:Child_refugees @ http://dbpedia.org/resource/Category:Color_photographs @ http://dbpedia.org/resource/Category:Cultural_depictions_of_Afghan_women @ http://dbpedia.org/resource/Category:Living_people @ http://dbpedia.org/resource/Category:Pashtun_women @ http://dbpedia.org/resource/Category:People_notable_for_being_the_subject_of_a_specific_photograph @ http://dbpedia.org/resource/Category:Photographs_of_children_in_war @ http://dbpedia.org/resource/Category:Photography_in_Afghanistan @ http://dbpedia.org/resource/Category:Portrait_photographs @ http://dbpedia.org/resource/Category:Works_originally_published_in_National_Geographic_(magazine)	http://dbpedia.org/resource/Sharbat_Gula
http://dbpedia.org/resource/Femme_nue_dormant_au_bord_de_l'eau	http://dbpedia.org/resource/Category:1921_paintings @ http://dbpedia.org/resource/Category:Nude_art @ http://dbpedia.org/resource/Category:Oil_on_canvas_paintings @ http://dbpedia.org/resource/Category:Paintings_in_the_collection_of_the_Strasbourg_Museum_of_Modern_and_Contemporary_Art @ http://dbpedia.org/resource/Category:Sleep	a sleeping nude in a landscape
http://dbpedia.org/resource/The_Little_Bridge	http://dbpedia.org/resource/Category:Dutch_Golden_Age_paintings @ http://dbpedia.org/resource/Category:Landscape_paintings @ http://dbpedia.org/resource/Category:Oil_paintings @ http://dbpedia.org/resource/Category:Paintings_in_the_collection_of_the_Musée_des_Beaux-Arts_de_Strasbourg	A wooden bridge over a canal
http://dbpedia.org/resource/A_Dawn_in_the_West	http://dbpedia.org/resource/Category:2013_sculptures @ http://dbpedia.org/resource/Category:Arcadia,_California @ http://dbpedia.org/resource/Category:Sculptures_of_men_in_California @ http://dbpedia.org/resource/Category:Statues_in_California	http://dbpedia.org/resource/Lucky_Baldwin
http://dbpedia.org/resource/Candaules,_King_of_Lydia,_Shews_his_Wife_by_Stealth_to_Gyges,_One_of_his_Ministers,_as_She_Goes_to_Bed	http://dbpedia.org/resource/Category:1830_paintings @ http://dbpedia.org/resource/Category:Collection_of_the_Tate_galleries @ http://dbpedia.org/resource/Category:Gyges_of_Lydia @ http://dbpedia.org/resource/Category:Herodotus @ http://dbpedia.org/resource/Category:Nude_art @ http://dbpedia.org/resource/Category:Paintings_based_on_literature @ http://dbpedia.org/resource/Category:Paintings_by_William_Etty @ http://dbpedia.org/resource/Category:Works_about_monarchs	Queen Nyssia
http://dbpedia.org/resource/Statue_of_Horace_Greeley_(City_Hall_Park)	http://dbpedia.org/resource/Category:1890_sculptures @ http://dbpedia.org/resource/Category:Bronze_sculptures_in_Manhattan @ http://dbpedia.org/resource/Category:Horace_Greeley @ http://dbpedia.org/resource/Category:Monuments_and_memorials_in_Manhattan @ http://dbpedia.org/resource/Category:Outdoor_sculptures_in_Manhattan @ http://dbpedia.org/resource/Category:Sculptures_of_men_in_New_York_City @ http://dbpedia.org/resource/Category:Statues_in_New_York_City @ http://dbpedia.org/resource/Category:Statues_of_writers	http://dbpedia.org/resource/Horace_Greeley
http://dbpedia.org/resource/Spider_(Bourgeois)	http://dbpedia.org/resource/Category:1996_sculptures @ http://dbpedia.org/resource/Category:Bronze_sculptures @ http://dbpedia.org/resource/Category:Bronze_sculptures_in_Colorado @ http://dbpedia.org/resource/Category:Bronze_sculptures_in_Missouri @ http://dbpedia.org/resource/Category:Bronze_sculptures_in_Washington,_D.C. @ http://dbpedia.org/resource/Category:Collections_of_the_National_Gallery_of_Art @ http://dbpedia.org/resource/Category:Culture_of_Denver @ http://dbpedia.org/resource/Category:Culture_of_Kansas_City,_Missouri @ http://dbpedia.org/resource/Category:National_Gallery_of_Art_Sculpture_Garden @ http://dbpedia.org/resource/Category:Outdoor_sculptures_in_Colorado @ http://dbpedia.org/resource/Category:Outdoor_sculptures_in_Missouri @ http://dbpedia.org/resource/Category:Outdoor_sculptures_in_Washington,_D.C. @ http://dbpedia.org/resource/Category:Spiders_in_art @ http://dbpedia.org/resource/Category:Works_by_Louise_Bourgeois	Spider
http://dbpedia.org/resource/Statue_of_Junípero_Serra_(Los_Angeles)	http://dbpedia.org/resource/Category:1932_establishments_in_California @ http://dbpedia.org/resource/Category:1932_sculptures @ http://dbpedia.org/resource/Category:Bronze_sculptures_in_California @ http://dbpedia.org/resource/Category:Monuments_and_memorials_in_California @ http://dbpedia.org/resource/Category:Monuments_and_memorials_removed_during_the_George_Floyd_protests @ http://dbpedia.org/resource/Category:Outdoor_sculptures_in_Greater_Los_Angeles @ http://dbpedia.org/resource/Category:Sculptures_of_men_in_California @ http://dbpedia.org/resource/Category:Statues_in_California @ http://dbpedia.org/resource/Category:Statues_of_Junípero_Serra @ http://dbpedia.org/resource/Category:Vandalized_works_of_art_in_California	http://dbpedia.org/resource/Junípero_Serra
http://dbpedia.org/resource/Statue_of_Christopher_Columbus_(Atlantic_City,_New_Jersey)	http://dbpedia.org/resource/Category:Buildings_and_structures_in_Atlantic_City,_New_Jersey @ http://dbpedia.org/resource/Category:Monuments_and_memorials_in_New_Jersey @ http://dbpedia.org/resource/Category:Monuments_and_memorials_to_Christopher_Columbus @ http://dbpedia.org/resource/Category:Outdoor_sculptures_in_New_Jersey @ http://dbpedia.org/resource/Category:Sculptures_of_men_in_New_Jersey @ http://dbpedia.org/resource/Category:Statues_in_New_Jersey @ http://dbpedia.org/resource/Category:Statues_of_Christopher_Columbus	http://dbpedia.org/resource/Christopher_Columbus
http://dbpedia.org/resource/Manneken_Pis	http://dbpedia.org/resource/Category:1619_sculptures @ http://dbpedia.org/resource/Category:Belgian_culture @ http://dbpedia.org/resource/Category:Belgian_folklore @ http://dbpedia.org/resource/Category:Belgian_legends @ http://dbpedia.org/resource/Category:Bronze_sculptures_in_Belgium @ http://dbpedia.org/resource/Category:Brussels_in_fiction @ http://dbpedia.org/resource/Category:Buildings_and_structures_in_Brussels @ http://dbpedia.org/resource/Category:City_of_Brussels @ http://dbpedia.org/resource/Category:Fictional_Belgian_people @ http://dbpedia.org/resource/Category:Fictional_children @ http://dbpedia.org/resource/Category:Fountains_in_Belgium @ http://dbpedia.org/resource/Category:Medieval_legends @ http://dbpedia.org/resource/Category:Sculptures_of_children @ http://dbpedia.org/resource/Category:Statues_of_fictional_characters @ http://dbpedia.org/resource/Category:Stolen_works_of_art @ http://dbpedia.org/resource/Category:Tourist_attractions_in_Brussels	http://dbpedia.org/resource/Puer_mingens
http://dbpedia.org/resource/J._F._Kennedy_Memorial,_Birmingham	http://dbpedia.org/resource/Category:1960s_murals @ http://dbpedia.org/resource/Category:1968_in_England @ http://dbpedia.org/resource/Category:Buildings_and_monuments_honouring_American_presidents_in_the_United_Kingdom @ http://dbpedia.org/resource/Category:Buildings_and_structures_completed_in_1968 @ http://dbpedia.org/resource/Category:Culture_in_Birmingham,_West_Midlands @ http://dbpedia.org/resource/Category:History_of_Birmingham,_West_Midlands @ http://dbpedia.org/resource/Category:Memorials_to_John_F._Kennedy @ http://dbpedia.org/resource/Category:Monuments_and_memorials_in_England @ http://dbpedia.org/resource/Category:Mosaics @ http://dbpedia.org/resource/Category:Murals_in_the_United_Kingdom @ http://dbpedia.org/resource/Category:Public_art_in_England	http://dbpedia.org/resource/John_F._Kennedy
http://dbpedia.org/resource/Statue_of_John_McGraw	http://dbpedia.org/resource/Category:1912_establishments_in_Washington_(state) @ http://dbpedia.org/resource/Category:1912_sculptures @ http://dbpedia.org/resource/Category:Bronze_sculptures_in_Washington_(state) @ http://dbpedia.org/resource/Category:Granite_sculptures_in_Washington_(state) @ http://dbpedia.org/resource/Category:Monuments_and_memorials_in_Seattle @ http://dbpedia.org/resource/Category:Outdoor_sculptures_in_Seattle @ http://dbpedia.org/resource/Category:Sculptures_of_men_in_Washington_(state) @ http://dbpedia.org/resource/Category:Statues_in_Seattle	http://dbpedia.org/resource/John_McGraw_(governor)
http://dbpedia.org/resource/Statue_of_Will_Rogers	http://dbpedia.org/resource/Category:1938_sculptures @ http://dbpedia.org/resource/Category:1939_sculptures @ http://dbpedia.org/resource/Category:Cultural_depictions_of_Will_Rogers @ http://dbpedia.org/resource/Category:Monuments_and_memorials_in_Oklahoma @ http://dbpedia.org/resource/Category:Monuments_and_memorials_in_Washington,_D.C. @ http://dbpedia.org/resource/Category:National_Statuary_Hall_Collection @ http://dbpedia.org/resource/Category:Portraits_of_actors @ http://dbpedia.org/resource/Category:Sculptures_of_men_in_Oklahoma @ http://dbpedia.org/resource/Category:Sculptures_of_men_in_Washington,_D.C. @ http://dbpedia.org/resource/Category:Statues_in_Oklahoma @ http://dbpedia.org/resource/Category:Statues_of_musicians	http://dbpedia.org/resource/Will_Rogers
http://dbpedia.org/resource/Big_Trout	http://dbpedia.org/resource/Category:1973_sculptures @ http://dbpedia.org/resource/Category:Adaminaby @ http://dbpedia.org/resource/Category:Big_things_in_New_South_Wales @ http://dbpedia.org/resource/Category:Fiberglass_sculptures_in_Australia @ http://dbpedia.org/resource/Category:Fishing_in_Australia @ http://dbpedia.org/resource/Category:Snowy_Mountains_Highway	http://dbpedia.org/resource/Trout
http://dbpedia.org/resource/Ambrosius_Volmar_Keller_(Baldung)	http://dbpedia.org/resource/Category:1538_paintings @ http://dbpedia.org/resource/Category:Books_in_art @ http://dbpedia.org/resource/Category:Oil_paintings @ http://dbpedia.org/resource/Category:Paintings_by_Hans_Baldung @ http://dbpedia.org/resource/Category:Paintings_in_the_Musée_de_l'Œuvre_Notre-Dame @ http://dbpedia.org/resource/Category:Paintings_in_the_collection_of_the_Musée_des_Beaux-Arts_de_Strasbourg @ http://dbpedia.org/resource/Category:Renaissance_portraits	Canon Ambrosius Volmar Keller
http://dbpedia.org/resource/How_Doth_the_Little_Crocodile_(Carrington)	http://dbpedia.org/resource/Category:1998_paintings @ http://dbpedia.org/resource/Category:2000_establishments_in_Mexico @ http://dbpedia.org/resource/Category:2000_sculptures @ http://dbpedia.org/resource/Category:Animal_sculptures @ http://dbpedia.org/resource/Category:Bronze_sculptures_in_Mexico @ http://dbpedia.org/resource/Category:Outdoor_sculptures_in_Mexico_City @ http://dbpedia.org/resource/Category:Paintings_in_Mexico @ http://dbpedia.org/resource/Category:Paseo_de_la_Reforma @ http://dbpedia.org/resource/Category:Reptiles_in_art @ http://dbpedia.org/resource/Category:Statues_in_Mexico_City @ http://dbpedia.org/resource/Category:Surrealist_works @ http://dbpedia.org/resource/Category:Works_based_on_Alice_in_Wonderland	"""How Doth the Little Crocodile"""
http://dbpedia.org/resource/Iron_Horse_(sculpture)	http://dbpedia.org/resource/Category:1954_establishments_in_Georgia_(U.S._state) @ http://dbpedia.org/resource/Category:1954_sculptures @ http://dbpedia.org/resource/Category:Animal_sculptures_in_Georgia_(U.S._state) @ http://dbpedia.org/resource/Category:Horses_in_art @ http://dbpedia.org/resource/Category:Iron_sculptures_in_the_United_States @ http://dbpedia.org/resource/Category:Relocated_buildings_and_structures_in_Georgia_(U.S._state) @ http://dbpedia.org/resource/Category:Sculptures_in_Georgia_(U.S._state) @ http://dbpedia.org/resource/Category:Tourist_attractions_in_Athens,_Georgia @ http://dbpedia.org/resource/Category:Tourist_attractions_in_Oconee_County,_Georgia @ http://dbpedia.org/resource/Category:University_of_Georgia @ http://dbpedia.org/resource/Category:Vandalized_works_of_art_in_Georgia_(U.S._state)	Horse
http://dbpedia.org/resource/Statue_of_Sebastian_de_Aparicio	http://dbpedia.org/resource/Category:Outdoor_sculptures_in_Puebla_(city) @ http://dbpedia.org/resource/Category:Sculptures_of_men_in_Mexico @ http://dbpedia.org/resource/Category:Statues_in_Puebla	http://dbpedia.org/resource/Sebastian_de_Aparicio
http://dbpedia.org/resource/L'Orage	http://dbpedia.org/resource/Category:1830_paintings @ http://dbpedia.org/resource/Category:French_paintings @ http://dbpedia.org/resource/Category:Landscape_paintings @ http://dbpedia.org/resource/Category:Oil_on_canvas_paintings @ http://dbpedia.org/resource/Category:Paintings_in_the_collection_of_the_Musée_des_Beaux-Arts_de_Strasbourg	http://dbpedia.org/resource/Landscape_painting @ http://dbpedia.org/resource/Thunderstorm
http://dbpedia.org/resource/El_Sereno_(sculpture)	http://dbpedia.org/resource/Category:1992_sculptures @ http://dbpedia.org/resource/Category:Monuments_and_memorials_in_Mexico_City @ http://dbpedia.org/resource/Category:Outdoor_sculptures_in_Mexico_City @ http://dbpedia.org/resource/Category:Sculptures_of_men_in_Mexico @ http://dbpedia.org/resource/Category:Statues_in_Mexico_City @ http://dbpedia.org/resource/Category:Vandalized_works_of_art_in_Mexico	http://dbpedia.org/resource/Watchman_(law_enforcement)
http://dbpedia.org/resource/Saint_Longinus_(Bernini)	http://dbpedia.org/resource/Category:1630s_sculptures @ http://dbpedia.org/resource/Category:Marble_sculptures @ http://dbpedia.org/resource/Category:Sculptures_by_Gian_Lorenzo_Bernini	http://dbpedia.org/resource/Longinus
http://dbpedia.org/resource/Bust_of_York	http://dbpedia.org/resource/Category:2021_disestablishments_in_Oregon @ http://dbpedia.org/resource/Category:2021_establishments_in_Oregon @ http://dbpedia.org/resource/Category:2021_sculptures @ http://dbpedia.org/resource/Category:Busts_in_Oregon @ http://dbpedia.org/resource/Category:Destroyed_sculptures @ http://dbpedia.org/resource/Category:Guerilla_art_and_hacking_art @ http://dbpedia.org/resource/Category:Lewis_and_Clark_Expedition @ http://dbpedia.org/resource/Category:Monuments_and_memorials_in_Portland,_Oregon @ http://dbpedia.org/resource/Category:Mount_Tabor,_Portland,_Oregon @ http://dbpedia.org/resource/Category:Outdoor_sculptures_in_Portland,_Oregon @ http://dbpedia.org/resource/Category:Sculptures_of_African_Americans @ http://dbpedia.org/resource/Category:Sculptures_of_men_in_Oregon @ http://dbpedia.org/resource/Category:Vandalized_works_of_art_in_Oregon @ http://dbpedia.org/resource/Category:Wooden_sculptures_in_Oregon	http://dbpedia.org/resource/York_(explorer)
http://dbpedia.org/resource/George_Washington_(Fairbanks)	http://dbpedia.org/resource/Category:1975_sculptures @ http://dbpedia.org/resource/Category:Busts_in_Washington,_D.C. @ http://dbpedia.org/resource/Category:Busts_of_presidents_of_the_United_States @ http://dbpedia.org/resource/Category:Foggy_Bottom @ http://dbpedia.org/resource/Category:George_Washington_University @ http://dbpedia.org/resource/Category:George_Washington_in_art @ http://dbpedia.org/resource/Category:Monuments_and_memorials_to_George_Washington_in_the_United_States @ http://dbpedia.org/resource/Category:Outdoor_sculptures_in_Washington,_D.C.	http://dbpedia.org/resource/George_Washington
http://dbpedia.org/resource/Statue_of_Saint_Ludmila,_Charles_Bridge	http://dbpedia.org/resource/Category:Christian_sculptures @ http://dbpedia.org/resource/Category:Monuments_and_memorials_in_Prague @ http://dbpedia.org/resource/Category:Sculptures_of_women_in_Prague @ http://dbpedia.org/resource/Category:Statues_on_the_Charles_Bridge	http://dbpedia.org/resource/Ludmila_of_Bohemia
http://dbpedia.org/resource/Pikachu_(sculpture)	http://dbpedia.org/resource/Category:2016_establishments_in_Louisiana @ http://dbpedia.org/resource/Category:2016_sculptures @ http://dbpedia.org/resource/Category:Fiberglass_sculptures_in_the_United_States @ http://dbpedia.org/resource/Category:Monuments_and_memorials_in_Louisiana @ http://dbpedia.org/resource/Category:Outdoor_sculptures_in_Louisiana @ http://dbpedia.org/resource/Category:Statues_in_Louisiana @ http://dbpedia.org/resource/Category:Statues_of_fictional_characters @ http://dbpedia.org/resource/Category:Vandalized_works_of_art_in_Louisiana @ http://dbpedia.org/resource/Category:Works_based_on_Pokémon @ http://dbpedia.org/resource/Category:Works_of_unknown_authorship	http://dbpedia.org/resource/Pikachu
http://dbpedia.org/resource/Statues_of_James_Michael_Curley	http://dbpedia.org/resource/Category:1980_establishments_in_Massachusetts @ http://dbpedia.org/resource/Category:1980_sculptures @ http://dbpedia.org/resource/Category:Bronze_sculptures_in_Massachusetts @ http://dbpedia.org/resource/Category:Government_Center,_Boston @ http://dbpedia.org/resource/Category:Monuments_and_memorials_in_Boston @ http://dbpedia.org/resource/Category:Outdoor_sculptures_in_Boston @ http://dbpedia.org/resource/Category:Sculptures_of_men_in_Massachusetts @ http://dbpedia.org/resource/Category:Statues_in_Boston	James Michael Curley
http://dbpedia.org/resource/Holiday_Time_in_Cape_Town_in_the_Twentieth_Century,_in_Honour_of_the_Expected_Arrival_of_a_Governor-General_of_UNITED_South_Africa	http://dbpedia.org/resource/Category:1800s_paintings @ http://dbpedia.org/resource/Category:1899_paintings @ http://dbpedia.org/resource/Category:Cape_Town @ http://dbpedia.org/resource/Category:South_African_art @ http://dbpedia.org/resource/Category:South_African_paintings	Cape Town welcoming the first Governor-General of a future imagined South Africa.
http://dbpedia.org/resource/Saint_Susanna_(Duquesnoy)	http://dbpedia.org/resource/Category:1630s_sculptures @ http://dbpedia.org/resource/Category:Marble_sculptures_in_Italy @ http://dbpedia.org/resource/Category:Sculptures_by_François_Duquesnoy @ http://dbpedia.org/resource/Category:Works_about_ancient_Rome	http://dbpedia.org/resource/Saint_Susanna
http://dbpedia.org/resource/Statue_of_Julius_Sterling_Morton	http://dbpedia.org/resource/Category:1937_establishments_in_Washington,_D.C. @ http://dbpedia.org/resource/Category:1937_sculptures @ http://dbpedia.org/resource/Category:Bronze_sculptures_in_Washington,_D.C. @ http://dbpedia.org/resource/Category:Monuments_and_memorials_in_Washington,_D.C. @ http://dbpedia.org/resource/Category:National_Statuary_Hall_Collection @ http://dbpedia.org/resource/Category:Sculptures_of_men_in_Washington,_D.C.	http://dbpedia.org/resource/Julius_Sterling_Morton
http://dbpedia.org/resource/Bust_of_Nicolas_Poussin	http://dbpedia.org/resource/Category:1620s_sculptures @ http://dbpedia.org/resource/Category:1630s_sculptures @ http://dbpedia.org/resource/Category:Marble_sculptures @ http://dbpedia.org/resource/Category:Marble_sculptures_in_Germany @ http://dbpedia.org/resource/Category:Sculptures_by_François_Duquesnoy @ http://dbpedia.org/resource/Category:Sculptures_in_Germany @ http://dbpedia.org/resource/Category:Sculptures_of_the_Berlin_State_Museums	http://dbpedia.org/resource/Nicolas_Poussin
http://dbpedia.org/resource/Sleeping_Lady_with_Black_Vase	http://dbpedia.org/resource/Category:1920s_paintings @ http://dbpedia.org/resource/Category:Hungarian_paintings @ http://dbpedia.org/resource/Category:Lost_paintings @ http://dbpedia.org/resource/Category:Oil_paintings @ http://dbpedia.org/resource/Category:Portraits_of_women	Eta Berény
http://dbpedia.org/resource/Ludwig_van_Beethoven_(Baerer)	http://dbpedia.org/resource/Category:1884_establishments_in_New_York_(state) @ http://dbpedia.org/resource/Category:Allegorical_sculptures_in_the_United_States @ http://dbpedia.org/resource/Category:Bronze_sculptures_in_Brooklyn @ http://dbpedia.org/resource/Category:Bronze_sculptures_in_California @ http://dbpedia.org/resource/Category:Bronze_sculptures_in_Manhattan @ http://dbpedia.org/resource/Category:Busts_in_California @ http://dbpedia.org/resource/Category:Busts_in_New_York_City @ http://dbpedia.org/resource/Category:Golden_Gate_Park @ http://dbpedia.org/resource/Category:Monuments_and_memorials_in_Brooklyn @ http://dbpedia.org/resource/Category:Monuments_and_memorials_in_California @ http://dbpedia.org/resource/Category:Monuments_and_memorials_in_Manhattan @ http://dbpedia.org/resource/Category:Outdoor_sculptures_in_Brooklyn @ http://dbpedia.org/resource/Category:Outdoor_sculptures_in_Manhattan @ http://dbpedia.org/resource/Category:Outdoor_sculptures_in_San_Francisco @ http://dbpedia.org/resource/Category:Prospect_Park_(Brooklyn) @ http://dbpedia.org/resource/Category:Sculptures_in_Central_Park @ http://dbpedia.org/resource/Category:Sculptures_of_Ludwig_van_Beethoven @ http://dbpedia.org/resource/Category:Sculptures_of_men_in_California @ http://dbpedia.org/resource/Category:Sculptures_of_men_in_New_York_City @ http://dbpedia.org/resource/Category:Statues_in_New_York_City @ http://dbpedia.org/resource/Category:Statues_in_San_Francisco	http://dbpedia.org/resource/Ludwig_van_Beethoven
http://dbpedia.org/resource/Statue_of_Thomas_Jefferson_(David_d'Angers)	http://dbpedia.org/resource/Category:1830s_sculptures @ http://dbpedia.org/resource/Category:Bronze_sculptures_in_Washington,_D.C. @ http://dbpedia.org/resource/Category:Monuments_and_memorials_in_Washington,_D.C. @ http://dbpedia.org/resource/Category:Removed_statues @ http://dbpedia.org/resource/Category:Sculptures_of_men_in_New_York_City @ http://dbpedia.org/resource/Category:Sculptures_of_men_in_Washington,_D.C. @ http://dbpedia.org/resource/Category:Statues_in_New_York_City @ http://dbpedia.org/resource/Category:Statues_of_Thomas_Jefferson @ http://dbpedia.org/resource/Category:United_States_Capitol_statues	http://dbpedia.org/resource/Thomas_Jefferson
http://dbpedia.org/resource/Statue_of_Eliza_R._Snow	http://dbpedia.org/resource/Category:Monuments_and_memorials_in_Utah @ http://dbpedia.org/resource/Category:Monuments_and_memorials_to_women @ http://dbpedia.org/resource/Category:Outdoor_sculptures_in_Salt_Lake_City @ http://dbpedia.org/resource/Category:Sculptures_of_women_in_Utah @ http://dbpedia.org/resource/Category:Statues_in_Utah @ http://dbpedia.org/resource/Category:Statues_of_writers	http://dbpedia.org/resource/Eliza_R._Snow
http://dbpedia.org/resource/The_King's_Fountain	http://dbpedia.org/resource/Category:16th-century_paintings @ http://dbpedia.org/resource/Category:Anonymous_works @ http://dbpedia.org/resource/Category:Paintings_in_Portugal	Chafariz d’El-Rey
http://dbpedia.org/resource/Statue_of_Kanō_Jigorō,_Bunkyō	http://dbpedia.org/resource/Category:Buildings_and_structures_in_Bunkyō @ http://dbpedia.org/resource/Category:Monuments_and_memorials_in_Japan @ http://dbpedia.org/resource/Category:Sculptures_of_men_in_Japan @ http://dbpedia.org/resource/Category:Statues_in_Japan	http://dbpedia.org/resource/Kanō_Jigorō
http://dbpedia.org/resource/Bacchante_and_Infant_Faun	http://dbpedia.org/resource/Category:1894_sculptures @ http://dbpedia.org/resource/Category:Bronze_sculptures_in_New_York_City @ http://dbpedia.org/resource/Category:Marble_sculptures_in_New_York_City @ http://dbpedia.org/resource/Category:Marble_sculptures_in_the_United_States @ http://dbpedia.org/resource/Category:Metalwork_of_the_Metropolitan_Museum_of_Art @ http://dbpedia.org/resource/Category:Nude_sculptures @ http://dbpedia.org/resource/Category:Sculptures_by_Frederick_William_MacMonnies @ http://dbpedia.org/resource/Category:Sculptures_of_children @ http://dbpedia.org/resource/Category:Sculptures_of_the_Metropolitan_Museum_of_Art	Woman celebrating while holding an infant
http://dbpedia.org/resource/James_Maitland,_7th_Earl_of_Lauderdale_(Reynolds_painting)	http://dbpedia.org/resource/Category:1760_paintings @ http://dbpedia.org/resource/Category:Art_Gallery_of_New_South_Wales @ http://dbpedia.org/resource/Category:Portraits_by_Joshua_Reynolds @ http://dbpedia.org/resource/Category:Portraits_of_historical_figures	James Maitland, 7th Earl of Lauderdale
http://dbpedia.org/resource/Dancer_with_Flat_Hat	http://dbpedia.org/resource/Category:1966_sculptures @ http://dbpedia.org/resource/Category:1971_sculptures @ http://dbpedia.org/resource/Category:Abstract_sculptures_in_Washington_(state) @ http://dbpedia.org/resource/Category:Bronze_sculptures_in_Washington_(state) @ http://dbpedia.org/resource/Category:Outdoor_sculptures_in_Seattle @ http://dbpedia.org/resource/Category:Sculptures_of_women_in_Washington_(state) @ http://dbpedia.org/resource/Category:Statues_in_Seattle @ http://dbpedia.org/resource/Category:University_of_Washington_campus	A female wearing a flat hat and skirt
http://dbpedia.org/resource/Self-Portrait_(Salvator_Rosa)	http://dbpedia.org/resource/Category:1640s_paintings @ http://dbpedia.org/resource/Category:Baroque_paintings @ http://dbpedia.org/resource/Category:Oil_on_canvas_paintings @ http://dbpedia.org/resource/Category:Paintings_by_Salvator_Rosa @ http://dbpedia.org/resource/Category:Paintings_in_the_collection_of_the_Musée_des_Beaux-Arts_de_Strasbourg @ http://dbpedia.org/resource/Category:Self-portraits	http://dbpedia.org/resource/Self-portrait
http://dbpedia.org/resource/Coming_of_the_White_Man	http://dbpedia.org/resource/Category:1904_establishments_in_Oregon @ http://dbpedia.org/resource/Category:1904_sculptures @ http://dbpedia.org/resource/Category:Bronze_sculptures_in_Oregon @ http://dbpedia.org/resource/Category:Outdoor_sculptures_in_Portland,_Oregon @ http://dbpedia.org/resource/Category:Sculptures_of_Native_Americans_in_Oregon @ http://dbpedia.org/resource/Category:Sculptures_of_men_in_Oregon @ http://dbpedia.org/resource/Category:Statues_in_Portland,_Oregon @ http://dbpedia.org/resource/Category:Washington_Park_(Portland,_Oregon)	Two Native American men, including Chief Multnomah
http://dbpedia.org/resource/Statue_of_Billie_Holiday	http://dbpedia.org/resource/Category:1985_establishments_in_Maryland @ http://dbpedia.org/resource/Category:1985_sculptures @ http://dbpedia.org/resource/Category:Billie_Holiday @ http://dbpedia.org/resource/Category:Bronze_sculptures_in_Maryland @ http://dbpedia.org/resource/Category:Cultural_depictions_of_jazz_musicians @ http://dbpedia.org/resource/Category:Landmarks_in_Baltimore @ http://dbpedia.org/resource/Category:Monuments_and_memorials_in_Maryland @ http://dbpedia.org/resource/Category:Outdoor_sculptures_in_Baltimore @ http://dbpedia.org/resource/Category:Sculptures_of_African_Americans @ http://dbpedia.org/resource/Category:Sculptures_of_women_in_Maryland @ http://dbpedia.org/resource/Category:Statues_in_Maryland @ http://dbpedia.org/resource/Category:Statues_of_musicians @ http://dbpedia.org/resource/Category:Tourist_attractions_in_Baltimore @ http://dbpedia.org/resource/Category:Upton,_Baltimore	http://dbpedia.org/resource/Billie_Holiday
http://dbpedia.org/resource/Statue_of_Max_Planck	http://dbpedia.org/resource/Category:Monuments_and_memorials_in_Berlin @ http://dbpedia.org/resource/Category:Outdoor_sculptures_in_Berlin @ http://dbpedia.org/resource/Category:Sculptures_of_men_in_Germany @ http://dbpedia.org/resource/Category:Statues_in_Germany	http://dbpedia.org/resource/Max_Planck
http://dbpedia.org/resource/Statue_of_Unicorn_Gundam	http://dbpedia.org/resource/Category:Gundam @ http://dbpedia.org/resource/Category:Odaiba @ http://dbpedia.org/resource/Category:Outdoor_sculptures_in_Tokyo @ http://dbpedia.org/resource/Category:Statues_in_Japan @ http://dbpedia.org/resource/Category:Statues_of_fictional_characters	http://dbpedia.org/resource/Gundam_(fictional_robot)
http://dbpedia.org/resource/Jet_Kiss	http://dbpedia.org/resource/Category:2015_establishments_in_Washington_(state) @ http://dbpedia.org/resource/Category:2015_sculptures @ http://dbpedia.org/resource/Category:Capitol_Hill,_Seattle @ http://dbpedia.org/resource/Category:Douglas_A-4_Skyhawk @ http://dbpedia.org/resource/Category:Public_art_in_Seattle @ http://dbpedia.org/resource/Category:Sculptures_in_Seattle	Douglas A-4 Skyhawks
http://dbpedia.org/resource/Standing_Saint	http://dbpedia.org/resource/Category:1520s_paintings @ http://dbpedia.org/resource/Category:Oil_paintings @ http://dbpedia.org/resource/Category:Paintings_by_Hans_Baldung @ http://dbpedia.org/resource/Category:Paintings_in_the_Musée_de_l'Œuvre_Notre-Dame @ http://dbpedia.org/resource/Category:Paintings_in_the_collection_of_the_Musée_des_Beaux-Arts_de_Strasbourg	an unidentified male Christian Saint
http://dbpedia.org/resource/Statue_of_Johannes_Gutenberg_(Stanford_University)	http://dbpedia.org/resource/Category:2013_establishments_in_California @ http://dbpedia.org/resource/Category:2013_sculptures @ http://dbpedia.org/resource/Category:Johannes_Gutenberg @ http://dbpedia.org/resource/Category:Marble_sculptures_in_the_United_States @ http://dbpedia.org/resource/Category:Outdoor_sculptures_in_California @ http://dbpedia.org/resource/Category:Sculptures_of_men_in_California @ http://dbpedia.org/resource/Category:Stanford_University_buildings_and_structures	http://dbpedia.org/resource/Johannes_Gutenberg
http://dbpedia.org/resource/Statue_of_Zachariah_Chandler	http://dbpedia.org/resource/Category:Buildings_and_structures_in_Lansing,_Michigan @ http://dbpedia.org/resource/Category:Formerly_in_the_National_Statuary_Hall_Collection @ http://dbpedia.org/resource/Category:Monuments_and_memorials_in_Michigan @ http://dbpedia.org/resource/Category:Relocated_buildings_and_structures_in_the_United_States @ http://dbpedia.org/resource/Category:Sculptures_of_men_in_Michigan @ http://dbpedia.org/resource/Category:Statues_in_Michigan	http://dbpedia.org/resource/Zachariah_Chandler
http://dbpedia.org/resource/Statue_of_Fitz-Greene_Halleck	http://dbpedia.org/resource/Category:1876_sculptures @ http://dbpedia.org/resource/Category:1877_establishments_in_New_York_(state) @ http://dbpedia.org/resource/Category:Bronze_sculptures_in_Central_Park @ http://dbpedia.org/resource/Category:Monuments_and_memorials_in_Manhattan @ http://dbpedia.org/resource/Category:Outdoor_sculptures_in_Manhattan @ http://dbpedia.org/resource/Category:Sculptures_in_Central_Park @ http://dbpedia.org/resource/Category:Sculptures_of_men_in_New_York_City @ http://dbpedia.org/resource/Category:Statues_in_New_York_City @ http://dbpedia.org/resource/Category:Statues_of_writers	http://dbpedia.org/resource/Fitz-Greene_Halleck
http://dbpedia.org/resource/High_Noon_(painting)	http://dbpedia.org/resource/Category:1949_paintings @ http://dbpedia.org/resource/Category:Paintings_by_Edward_Hopper	Woman in doorway of Colonial Revival home
http://dbpedia.org/resource/Portrait_of_the_Artist's_Family_(Holbein)	http://dbpedia.org/resource/Category:Paintings_by_Hans_Holbein_the_Younger @ http://dbpedia.org/resource/Category:Paintings_of_children @ http://dbpedia.org/resource/Category:Portrait_art	Artist's Family
http://dbpedia.org/resource/Ulysses_and_the_Sirens_(Draper)	http://dbpedia.org/resource/Category:1909_paintings @ http://dbpedia.org/resource/Category:Maritime_paintings @ http://dbpedia.org/resource/Category:Nude_art @ http://dbpedia.org/resource/Category:Odysseus @ http://dbpedia.org/resource/Category:Paintings_based_on_the_Odyssey @ http://dbpedia.org/resource/Category:Paintings_by_Herbert_James_Draper @ http://dbpedia.org/resource/Category:Paintings_depicting_Greek_myths @ http://dbpedia.org/resource/Category:Paintings_in_Yorkshire_and_the_Humber @ http://dbpedia.org/resource/Category:Paintings_of_people	A scene from Homer's Odyssey in which Ulysses is tormented by Sirens
http://dbpedia.org/resource/White_River_at_Sharon	http://dbpedia.org/resource/Category:Paintings_by_Edward_Hopper @ http://dbpedia.org/resource/Category:Paintings_in_the_collection_of_the_Smithsonian_American_Art_Museum	http://dbpedia.org/resource/White_River_(Vermont)
http://dbpedia.org/resource/Pasquino	http://dbpedia.org/resource/Category:Hellenistic-style_Roman_sculptures @ http://dbpedia.org/resource/Category:Italian_political_satire @ http://dbpedia.org/resource/Category:Italian_satire @ http://dbpedia.org/resource/Category:Renaissance_Rome @ http://dbpedia.org/resource/Category:Rome_R._VI_Parione @ http://dbpedia.org/resource/Category:Sculptures_of_men_in_Italy @ http://dbpedia.org/resource/Category:Talking_statues_of_Rome	Supposedly named for Pasquino, a neighboring tailor @ http://dbpedia.org/resource/Menelaus
http://dbpedia.org/resource/The_Tortoise_and_the_Hare_(sculpture)	http://dbpedia.org/resource/Category:1994_establishments_in_Massachusetts @ http://dbpedia.org/resource/Category:1994_sculptures @ http://dbpedia.org/resource/Category:Animal_sculptures_in_Massachusetts @ http://dbpedia.org/resource/Category:Boston_Marathon @ http://dbpedia.org/resource/Category:Bronze_sculptures_in_Massachusetts @ http://dbpedia.org/resource/Category:Outdoor_sculptures_in_Boston @ http://dbpedia.org/resource/Category:Rabbits_and_hares_in_art @ http://dbpedia.org/resource/Category:Sculptures_of_turtles	http://dbpedia.org/resource/The_Tortoise_and_the_Hare
http://dbpedia.org/resource/Statue_of_Vitus,_Charles_Bridge	http://dbpedia.org/resource/Category:Christian_sculptures @ http://dbpedia.org/resource/Category:Monuments_and_memorials_in_Prague @ http://dbpedia.org/resource/Category:Sculptures_of_men_in_Prague @ http://dbpedia.org/resource/Category:Statues_on_the_Charles_Bridge	http://dbpedia.org/resource/Vitus
http://dbpedia.org/resource/Prometheus_(Zach)	http://dbpedia.org/resource/Category:1958_establishments_in_Oregon @ http://dbpedia.org/resource/Category:1958_sculptures @ http://dbpedia.org/resource/Category:Abstract_sculptures_in_Oregon @ http://dbpedia.org/resource/Category:Ancient_Greece_in_art_and_culture @ http://dbpedia.org/resource/Category:Cast-iron_sculptures @ http://dbpedia.org/resource/Category:Iron_sculptures_in_the_United_States @ http://dbpedia.org/resource/Category:Outdoor_sculptures_in_Eugene,_Oregon @ http://dbpedia.org/resource/Category:Prometheus @ http://dbpedia.org/resource/Category:Sculptures_of_classical_mythology @ http://dbpedia.org/resource/Category:Statues_in_Eugene,_Oregon @ http://dbpedia.org/resource/Category:University_of_Oregon_campus	http://dbpedia.org/resource/Prometheus
http://dbpedia.org/resource/Bust_of_Giovanni_Battista_Santoni	http://dbpedia.org/resource/Category:1610s_sculptures @ http://dbpedia.org/resource/Category:Busts_by_Gian_Lorenzo_Bernini @ http://dbpedia.org/resource/Category:Busts_in_Italy @ http://dbpedia.org/resource/Category:Marble_sculptures_in_Italy @ http://dbpedia.org/resource/Category:Monuments_and_memorials_in_Rome	Giovanni Battista Santoni
http://dbpedia.org/resource/Court_of_Neptune_Fountain	http://dbpedia.org/resource/Category:1897_establishments_in_the_United_States @ http://dbpedia.org/resource/Category:1898_sculptures @ http://dbpedia.org/resource/Category:Bronze_sculptures_in_Washington,_D.C. @ http://dbpedia.org/resource/Category:Dolphins_in_art @ http://dbpedia.org/resource/Category:Fountains_in_Washington,_D.C. @ http://dbpedia.org/resource/Category:Horses_in_art @ http://dbpedia.org/resource/Category:Monuments_and_memorials_in_Washington,_D.C. @ http://dbpedia.org/resource/Category:Nude_sculptures_in_Washington,_D.C. @ http://dbpedia.org/resource/Category:Outdoor_sculptures_in_Washington,_D.C. @ http://dbpedia.org/resource/Category:Sculptures_by_Roland_Hinton_Perry @ http://dbpedia.org/resource/Category:Sculptures_of_Neptune @ http://dbpedia.org/resource/Category:Seashells_in_art @ http://dbpedia.org/resource/Category:Southeast_(Washington,_D.C.)	http://dbpedia.org/resource/Neptune
http://dbpedia.org/resource/Statue_of_Massasoit_(Salt_Lake_City)	http://dbpedia.org/resource/Category:Monuments_and_memorials_in_Utah @ http://dbpedia.org/resource/Category:Outdoor_sculptures_in_Salt_Lake_City @ http://dbpedia.org/resource/Category:Sculptures_of_Native_Americans @ http://dbpedia.org/resource/Category:Sculptures_of_men_in_Utah @ http://dbpedia.org/resource/Category:Statues_in_Utah @ http://dbpedia.org/resource/Category:Works_by_Cyrus_Edwin_Dallin	http://dbpedia.org/resource/Massasoit
http://dbpedia.org/resource/Marie_Antoinette_with_a_Rose	http://dbpedia.org/resource/Category:1783_paintings @ http://dbpedia.org/resource/Category:Paintings_by_Élisabeth_Vigée_Le_Brun @ http://dbpedia.org/resource/Category:Paintings_in_the_collection_of_the_Palace_of_Versailles @ http://dbpedia.org/resource/Category:Portraits_of_historical_figures @ http://dbpedia.org/resource/Category:Portraits_of_monarchs @ http://dbpedia.org/resource/Category:Portraits_of_women	http://dbpedia.org/resource/Marie_Antoinette
http://dbpedia.org/resource/Statue_of_Charles_Sumner_(Boston)	http://dbpedia.org/resource/Category:1877_sculptures @ http://dbpedia.org/resource/Category:1878_establishments_in_Massachusetts @ http://dbpedia.org/resource/Category:Boston_Public_Garden @ http://dbpedia.org/resource/Category:Bronze_sculptures_in_Massachusetts @ http://dbpedia.org/resource/Category:Monuments_and_memorials_in_Boston @ http://dbpedia.org/resource/Category:Outdoor_sculptures_in_Boston @ http://dbpedia.org/resource/Category:Sculptures_of_men_in_Massachusetts @ http://dbpedia.org/resource/Category:Statues_in_Boston	http://dbpedia.org/resource/Charles_Sumner
http://dbpedia.org/resource/Nursing_Madonna_(Jan_Provoost)	http://dbpedia.org/resource/Category:16th-century_paintings @ http://dbpedia.org/resource/Category:Early_Netherlandish_paintings @ http://dbpedia.org/resource/Category:Oil_paintings @ http://dbpedia.org/resource/Category:Paintings_in_the_collection_of_the_Musée_des_Beaux-Arts_de_Strasbourg @ http://dbpedia.org/resource/Category:Paintings_of_the_Madonna_and_Child	http://dbpedia.org/resource/Nursing_Madonna
http://dbpedia.org/resource/Statue_of_Baphomet	http://dbpedia.org/resource/Category:2015_sculptures @ http://dbpedia.org/resource/Category:Bronze_sculptures_in_the_United_States @ http://dbpedia.org/resource/Category:Demons_in_art @ http://dbpedia.org/resource/Category:Goats_in_art @ http://dbpedia.org/resource/Category:Sculptures_in_Michigan @ http://dbpedia.org/resource/Category:Sculptures_of_children_in_the_United_States @ http://dbpedia.org/resource/Category:Sculptures_of_deities @ http://dbpedia.org/resource/Category:Statues_in_the_United_States	http://dbpedia.org/resource/Baphomet
http://dbpedia.org/resource/Statue_of_Christopher_Columbus_(St._Louis)	http://dbpedia.org/resource/Category:Buildings_and_structures_in_St._Louis @ http://dbpedia.org/resource/Category:Former_buildings_and_structures_in_St._Louis @ http://dbpedia.org/resource/Category:Monuments_and_memorials_in_Missouri @ http://dbpedia.org/resource/Category:Monuments_and_memorials_removed_during_the_George_Floyd_protests @ http://dbpedia.org/resource/Category:Monuments_and_memorials_to_Christopher_Columbus @ http://dbpedia.org/resource/Category:Outdoor_sculptures_in_Missouri @ http://dbpedia.org/resource/Category:Relocated_buildings_and_structures_in_Missouri @ http://dbpedia.org/resource/Category:Sculptures_of_men_in_Missouri @ http://dbpedia.org/resource/Category:Statues_of_Christopher_Columbus	http://dbpedia.org/resource/Christopher_Columbus
http://dbpedia.org/resource/Statue_of_John_Sevier	http://dbpedia.org/resource/Category:1931_establishments_in_Washington,_D.C. @ http://dbpedia.org/resource/Category:Bronze_sculptures_in_Washington,_D.C. @ http://dbpedia.org/resource/Category:Governor_of_Tennessee @ http://dbpedia.org/resource/Category:Monuments_and_memorials_in_Washington,_D.C. @ http://dbpedia.org/resource/Category:National_Statuary_Hall_Collection @ http://dbpedia.org/resource/Category:Sculptures_of_men_in_Washington,_D.C.	http://dbpedia.org/resource/John_Sevier
http://dbpedia.org/resource/Statue_of_Oliver_Cromwell,_Westminster	http://dbpedia.org/resource/Category:1899_sculptures @ http://dbpedia.org/resource/Category:Books_in_art @ http://dbpedia.org/resource/Category:Bronze_sculptures_in_the_United_Kingdom @ http://dbpedia.org/resource/Category:Grade_II_listed_monuments_and_memorials @ http://dbpedia.org/resource/Category:Grade_II_listed_statues_in_the_City_of_Westminster @ http://dbpedia.org/resource/Category:Monuments_and_memorials_in_London @ http://dbpedia.org/resource/Category:Oliver_Cromwell @ http://dbpedia.org/resource/Category:Outdoor_sculptures_in_London @ http://dbpedia.org/resource/Category:Sculptures_of_lions @ http://dbpedia.org/resource/Category:Sculptures_of_men_in_the_United_Kingdom	http://dbpedia.org/resource/Oliver_Cromwell
http://dbpedia.org/resource/Statue_of_Oscar_Peterson	http://dbpedia.org/resource/Category:2010_in_Canada @ http://dbpedia.org/resource/Category:2010_sculptures @ http://dbpedia.org/resource/Category:21st_century_in_Ottawa @ http://dbpedia.org/resource/Category:Black_people_in_art @ http://dbpedia.org/resource/Category:Bronze_sculptures_in_Canada @ http://dbpedia.org/resource/Category:Cultural_depictions_of_Canadian_men @ http://dbpedia.org/resource/Category:Cultural_depictions_of_jazz_musicians @ http://dbpedia.org/resource/Category:Monuments_and_memorials_in_Ottawa @ http://dbpedia.org/resource/Category:Musical_instruments_in_art @ http://dbpedia.org/resource/Category:Statues_in_Canada @ http://dbpedia.org/resource/Category:Statues_of_musicians @ http://dbpedia.org/resource/Category:Vandalized_works_of_art_in_Canada	http://dbpedia.org/resource/Oscar__Peterson
http://dbpedia.org/resource/Grasshopper_(sculpture)	http://dbpedia.org/resource/Category:1988_establishments_in_Oregon @ http://dbpedia.org/resource/Category:1988_sculptures @ http://dbpedia.org/resource/Category:Animal_sculptures_in_Oregon @ http://dbpedia.org/resource/Category:Copper_sculptures_in_Oregon @ http://dbpedia.org/resource/Category:Insects_in_art @ http://dbpedia.org/resource/Category:Outdoor_sculptures_in_Salem,_Oregon @ http://dbpedia.org/resource/Category:Sculptures_by_Wayne_Chabre	http://dbpedia.org/resource/Grasshopper
http://dbpedia.org/resource/Statue_of_John_the_Baptist,_Charles_Bridge	http://dbpedia.org/resource/Category:Christian_sculptures @ http://dbpedia.org/resource/Category:Monuments_and_memorials_in_Prague @ http://dbpedia.org/resource/Category:Sculptures_depicting_John_the_Baptist @ http://dbpedia.org/resource/Category:Sculptures_of_men_in_Prague @ http://dbpedia.org/resource/Category:Statues_on_the_Charles_Bridge	http://dbpedia.org/resource/John_the_Baptist
http://dbpedia.org/resource/Romeo_and_Juliet_(Hebald)	http://dbpedia.org/resource/Category:1978_establishments_in_New_York_City @ http://dbpedia.org/resource/Category:1978_sculptures @ http://dbpedia.org/resource/Category:Boyle_Heights,_Los_Angeles @ http://dbpedia.org/resource/Category:Bronze_sculptures_in_California @ http://dbpedia.org/resource/Category:Bronze_sculptures_in_Central_Park @ http://dbpedia.org/resource/Category:Outdoor_sculptures_in_Greater_Los_Angeles @ http://dbpedia.org/resource/Category:Outdoor_sculptures_in_Manhattan @ http://dbpedia.org/resource/Category:Statues_in_New_York_City @ http://dbpedia.org/resource/Category:Statues_of_fictional_characters @ http://dbpedia.org/resource/Category:Works_based_on_Romeo_and_Juliet	http://dbpedia.org/resource/Romeo_and_Juliet
http://dbpedia.org/resource/Statue_of_Niels_W._Gade	http://dbpedia.org/resource/Category:1897_establishments_in_Denmark @ http://dbpedia.org/resource/Category:1897_sculptures @ http://dbpedia.org/resource/Category:Bronze_sculptures_in_Denmark @ http://dbpedia.org/resource/Category:Cultural_depictions_of_Danish_men @ http://dbpedia.org/resource/Category:Cultural_depictions_of_classical_musicians @ http://dbpedia.org/resource/Category:Monuments_and_memorials_in_Copenhagen @ http://dbpedia.org/resource/Category:Monuments_to_composers @ http://dbpedia.org/resource/Category:Niels_Gade @ http://dbpedia.org/resource/Category:Outdoor_sculptures_in_Copenhagen @ http://dbpedia.org/resource/Category:Relocated_buildings_and_structures_in_Denmark @ http://dbpedia.org/resource/Category:Statues_in_Copenhagen @ http://dbpedia.org/resource/Category:Statues_of_musicians	Niels Gade conducting Elverskud
http://dbpedia.org/resource/Lenin_Monument_(Berlin)	http://dbpedia.org/resource/Category:Buildings_and_structures_of_East_Berlin @ http://dbpedia.org/resource/Category:Monuments_and_memorials_to_Vladimir_Lenin @ http://dbpedia.org/resource/Category:Removed_statues @ http://dbpedia.org/resource/Category:Statues_in_Germany	http://dbpedia.org/resource/Vladimir_Lenin
http://dbpedia.org/resource/Thor_(sculpture)	http://dbpedia.org/resource/Category:1977_establishments_in_Oregon @ http://dbpedia.org/resource/Category:1977_sculptures @ http://dbpedia.org/resource/Category:Abstract_sculptures_in_Oregon @ http://dbpedia.org/resource/Category:Copper_sculptures_in_Oregon @ http://dbpedia.org/resource/Category:Outdoor_sculptures_in_Portland,_Oregon @ http://dbpedia.org/resource/Category:Sculptures_of_Norse_mythology @ http://dbpedia.org/resource/Category:Sculptures_of_gods @ http://dbpedia.org/resource/Category:Sculptures_on_the_MAX_Green_Line @ http://dbpedia.org/resource/Category:Southwest_Portland,_Oregon @ http://dbpedia.org/resource/Category:Thor_in_art @ http://dbpedia.org/resource/Category:Wooden_sculptures_in_Oregon	http://dbpedia.org/resource/Thor
http://dbpedia.org/resource/Gollis	http://dbpedia.org/resource/Category:Lyngen @ http://dbpedia.org/resource/Category:Outdoor_sculptures_in_Norway @ http://dbpedia.org/resource/Category:Santa_Claus @ http://dbpedia.org/resource/Category:Sculptures_of_men @ http://dbpedia.org/resource/Category:Tourist_attractions_in_Troms_og_Finnmark	http://dbpedia.org/resource/Santa_Claus
http://dbpedia.org/resource/Filipino_Struggles_Through_History	http://dbpedia.org/resource/Category:1964_paintings @ http://dbpedia.org/resource/Category:Collections_of_the_National_Museum_of_the_Philippines @ http://dbpedia.org/resource/Category:Cubist_paintings @ http://dbpedia.org/resource/Category:History_of_Manila @ http://dbpedia.org/resource/Category:National_Cultural_Treasures_of_the_Philippines @ http://dbpedia.org/resource/Category:Oil_on_canvas_paintings @ http://dbpedia.org/resource/Category:Philippine_paintings	http://dbpedia.org/resource/History_of_the_Philippines
http://dbpedia.org/resource/Statue_of_Niels_Juel	http://dbpedia.org/resource/Category:1878_sculptures @ http://dbpedia.org/resource/Category:1881_establishments_in_Denmark @ http://dbpedia.org/resource/Category:Buildings_and_structures_associated_with_the_Juel_family @ http://dbpedia.org/resource/Category:Cultural_depictions_of_Danish_men @ http://dbpedia.org/resource/Category:Cultural_depictions_of_military_officers @ http://dbpedia.org/resource/Category:Danish_military_memorials_and_cemeteries @ http://dbpedia.org/resource/Category:Listed_buildings_and_structures_in_Copenhagen @ http://dbpedia.org/resource/Category:Monuments_and_memorials_in_Copenhagen @ http://dbpedia.org/resource/Category:Outdoor_sculptures_in_Copenhagen @ http://dbpedia.org/resource/Category:Sculptures_of_men_in_Denmark @ http://dbpedia.org/resource/Category:Statues_in_Copenhagen @ http://dbpedia.org/resource/Category:Statues_of_military_officers	http://dbpedia.org/resource/Battle_of_Køge_Bay_(1677) @ http://dbpedia.org/resource/Niels_Juel
http://dbpedia.org/resource/Statue_of_Amy_Winehouse	http://dbpedia.org/resource/Category:2014_establishments_in_England @ http://dbpedia.org/resource/Category:2014_in_London @ http://dbpedia.org/resource/Category:2014_sculptures @ http://dbpedia.org/resource/Category:Amy_Winehouse @ http://dbpedia.org/resource/Category:Bronze_sculptures_in_the_United_Kingdom @ http://dbpedia.org/resource/Category:Camden_Town @ http://dbpedia.org/resource/Category:Cultural_depictions_of_British_women @ http://dbpedia.org/resource/Category:Cultural_depictions_of_jazz_musicians @ http://dbpedia.org/resource/Category:Cultural_depictions_of_pop_musicians @ http://dbpedia.org/resource/Category:Cultural_depictions_of_soul_musicians @ http://dbpedia.org/resource/Category:Monuments_and_memorials_in_London @ http://dbpedia.org/resource/Category:Monuments_and_memorials_to_women @ http://dbpedia.org/resource/Category:Sculptures_of_women_in_the_United_Kingdom @ http://dbpedia.org/resource/Category:Statues_in_London @ http://dbpedia.org/resource/Category:Statues_of_musicians	http://dbpedia.org/resource/Amy_Winehouse
http://dbpedia.org/resource/Statue_of_Robert_Mugabe	http://dbpedia.org/resource/Category:2016_establishments_in_Zimbabwe @ http://dbpedia.org/resource/Category:2016_sculptures @ http://dbpedia.org/resource/Category:Buildings_and_structures_in_Harare @ http://dbpedia.org/resource/Category:Robert_Mugabe @ http://dbpedia.org/resource/Category:Statues_in_Zimbabwe @ http://dbpedia.org/resource/Category:Stone_statues	http://dbpedia.org/resource/Robert_Mugabe
http://dbpedia.org/resource/Statue_of_John_Huston	http://dbpedia.org/resource/Category:1988_establishments_in_Mexico @ http://dbpedia.org/resource/Category:1988_sculptures @ http://dbpedia.org/resource/Category:Monuments_and_memorials_in_Jalisco @ http://dbpedia.org/resource/Category:Outdoor_sculptures_in_Puerto_Vallarta @ http://dbpedia.org/resource/Category:Sculptures_of_men_in_Mexico @ http://dbpedia.org/resource/Category:Statues_in_Jalisco @ http://dbpedia.org/resource/Category:Zona_Romántica	http://dbpedia.org/resource/John_Huston
http://dbpedia.org/resource/Glasses_in_a_Basket_(Stoskopff)	http://dbpedia.org/resource/Category:1644_paintings @ http://dbpedia.org/resource/Category:Baroque_paintings @ http://dbpedia.org/resource/Category:Oil_on_canvas_paintings @ http://dbpedia.org/resource/Category:Paintings_by_Sebastian_Stoskopff @ http://dbpedia.org/resource/Category:Paintings_in_the_Musée_de_l'Œuvre_Notre-Dame @ http://dbpedia.org/resource/Category:Paintings_in_the_collection_of_the_Musée_des_Beaux-Arts_de_Strasbourg	glassware in a basket
http://dbpedia.org/resource/Shabash_Bangladesh	http://dbpedia.org/resource/Category:Aftermath_of_the_Bangladesh_Liberation_War @ http://dbpedia.org/resource/Category:Monuments_and_memorials_in_Bangladesh	Liberation War of Bangladesh
http://dbpedia.org/resource/Statue_of_Chief_Seattle	http://dbpedia.org/resource/Category:1910s_in_Seattle @ http://dbpedia.org/resource/Category:1912_establishments_in_Washington_(state) @ http://dbpedia.org/resource/Category:1912_sculptures @ http://dbpedia.org/resource/Category:Belltown,_Seattle @ http://dbpedia.org/resource/Category:Copper_sculptures_in_the_United_States @ http://dbpedia.org/resource/Category:Fountains_in_Washington_(state) @ http://dbpedia.org/resource/Category:Monuments_and_memorials_in_Seattle @ http://dbpedia.org/resource/Category:Monuments_and_memorials_on_the_National_Register_of_Historic_Places_in_Washington_(state) @ http://dbpedia.org/resource/Category:National_Register_of_Historic_Places_in_Seattle @ http://dbpedia.org/resource/Category:Outdoor_sculptures_in_Seattle @ http://dbpedia.org/resource/Category:Sculptures_of_Native_Americans_in_Washington_(state) @ http://dbpedia.org/resource/Category:Sculptures_of_men_in_Washington_(state) @ http://dbpedia.org/resource/Category:Statues_in_Seattle	http://dbpedia.org/resource/Chief_Seattle
http://dbpedia.org/resource/Hodge_(cat)	http://dbpedia.org/resource/Category:Cat_monuments @ http://dbpedia.org/resource/Category:Cats_in_the_United_Kingdom @ http://dbpedia.org/resource/Category:Individual_animals_in_England @ http://dbpedia.org/resource/Category:Individual_cats @ http://dbpedia.org/resource/Category:Samuel_Johnson	Hodge the cat
http://dbpedia.org/resource/Male/Female_(Borofsky)	http://dbpedia.org/resource/Category:2004_establishments_in_Maryland @ http://dbpedia.org/resource/Category:2004_sculptures @ http://dbpedia.org/resource/Category:Colossal_statues_in_the_United_States @ http://dbpedia.org/resource/Category:Outdoor_sculptures_in_Baltimore @ http://dbpedia.org/resource/Category:Sculptures_by_Jonathan_Borofsky @ http://dbpedia.org/resource/Category:Sculptures_of_men_in_Maryland @ http://dbpedia.org/resource/Category:Sculptures_of_women_in_Maryland @ http://dbpedia.org/resource/Category:Stainless_steel_sculptures_in_the_United_States @ http://dbpedia.org/resource/Category:Statues_in_Maryland @ http://dbpedia.org/resource/Category:Steel_sculptures_in_Maryland	Male and female human figures
http://dbpedia.org/resource/Statue_of_Pierre_de_Coubertin,_Tokyo	http://dbpedia.org/resource/Category:Bronze_sculptures_in_Japan @ http://dbpedia.org/resource/Category:Buildings_and_structures_in_Shinjuku @ http://dbpedia.org/resource/Category:Monuments_and_memorials_in_Japan @ http://dbpedia.org/resource/Category:Sculptures_of_men_in_Japan @ http://dbpedia.org/resource/Category:Statues_in_Japan	http://dbpedia.org/resource/Pierre_de_Coubertin
http://dbpedia.org/resource/Saint_Anne_with_the_Virgin	http://dbpedia.org/resource/Category:15th-century_paintings @ http://dbpedia.org/resource/Category:Cretan_Renaissance_paintings @ http://dbpedia.org/resource/Category:Paintings_in_Greece	The Virgin Mary held by her Mother Anne
http://dbpedia.org/resource/Statue_of_Melania_Trump	http://dbpedia.org/resource/Category:2019_establishments_in_Slovenia @ http://dbpedia.org/resource/Category:2019_sculptures @ http://dbpedia.org/resource/Category:2020_sculptures @ http://dbpedia.org/resource/Category:Bronze_sculptures @ http://dbpedia.org/resource/Category:Destroyed_sculptures @ http://dbpedia.org/resource/Category:Monuments_and_memorials_in_Slovenia @ http://dbpedia.org/resource/Category:Outdoor_sculptures @ http://dbpedia.org/resource/Category:Sculptures_of_women @ http://dbpedia.org/resource/Category:Statues_in_Slovenia @ http://dbpedia.org/resource/Category:Vandalized_works_of_art @ http://dbpedia.org/resource/Category:Wooden_sculptures	http://dbpedia.org/resource/Melania_Trump
http://dbpedia.org/resource/Marforio	http://dbpedia.org/resource/Category:1st-century_Roman_sculptures @ http://dbpedia.org/resource/Category:Fountains_in_Rome @ http://dbpedia.org/resource/Category:Rome_R._X_Campitelli @ http://dbpedia.org/resource/Category:Sculptures_of_gods @ http://dbpedia.org/resource/Category:Talking_statues_of_Rome	"The name is a corruption of Latin mare in foro, ""the sea in the forum"" @ http://dbpedia.org/resource/Oceanus"
http://dbpedia.org/resource/Great_Wall_of_Los_Angeles	http://dbpedia.org/resource/Category:1976_paintings @ http://dbpedia.org/resource/Category:Art_in_Greater_Los_Angeles @ http://dbpedia.org/resource/Category:Chicano_art @ http://dbpedia.org/resource/Category:Mexican-American_culture_in_Los_Angeles @ http://dbpedia.org/resource/Category:Murals_in_Los_Angeles @ http://dbpedia.org/resource/Category:National_Register_of_Historic_Places_in_Los_Angeles @ http://dbpedia.org/resource/Category:San_Fernando_Valley @ http://dbpedia.org/resource/Category:Valley_Glen,_Los_Angeles	History of California
http://dbpedia.org/resource/Statue_of_Edward_VII,_Bootle	http://dbpedia.org/resource/Category:1904_sculptures @ http://dbpedia.org/resource/Category:Bootle @ http://dbpedia.org/resource/Category:Buildings_and_structures_in_Merseyside @ http://dbpedia.org/resource/Category:Edward_VII @ http://dbpedia.org/resource/Category:Grade_II_listed_buildings_in_Merseyside @ http://dbpedia.org/resource/Category:Sculptures_of_men_in_the_United_Kingdom @ http://dbpedia.org/resource/Category:Statues_in_England @ http://dbpedia.org/resource/Category:Statues_of_monarchs	Edward VII
http://dbpedia.org/resource/Statue_of_Christopher_Columbus_(Baton_Rouge,_Louisiana)	http://dbpedia.org/resource/Category:Buildings_and_structures_in_Baton_Rouge,_Louisiana @ http://dbpedia.org/resource/Category:Monuments_and_memorials_in_Louisiana @ http://dbpedia.org/resource/Category:Monuments_and_memorials_to_Christopher_Columbus @ http://dbpedia.org/resource/Category:Outdoor_sculptures_in_Louisiana @ http://dbpedia.org/resource/Category:Sculptures_of_men_in_Louisiana @ http://dbpedia.org/resource/Category:Statues_in_Louisiana @ http://dbpedia.org/resource/Category:Statues_of_Christopher_Columbus	Christopher Columbus
http://dbpedia.org/resource/Statue_of_Elon_Musk	http://dbpedia.org/resource/Category:Bronze_sculptures_in_New_York_City @ http://dbpedia.org/resource/Category:Lower_Manhattan @ http://dbpedia.org/resource/Category:Monuments_and_memorials_in_New_York_City @ http://dbpedia.org/resource/Category:Sculptures_of_men_in_New_York_City @ http://dbpedia.org/resource/Category:Statues_in_New_York_City	http://dbpedia.org/resource/Elon_Musk
http://dbpedia.org/resource/Passage_(sculpture)	http://dbpedia.org/resource/Category:2014_establishments_in_Oregon @ http://dbpedia.org/resource/Category:2014_sculptures @ http://dbpedia.org/resource/Category:Brooklyn,_Portland,_Oregon @ http://dbpedia.org/resource/Category:Outdoor_sculptures_in_Portland,_Oregon @ http://dbpedia.org/resource/Category:Sculpture_series @ http://dbpedia.org/resource/Category:Sculptures_on_the_MAX_Orange_Line @ http://dbpedia.org/resource/Category:Steel_sculptures_in_Oregon @ http://dbpedia.org/resource/Category:Weathering_steel	Boats
http://dbpedia.org/resource/Statue_of_Junípero_Serra_(Carmel-by-the-Sea,_California)	http://dbpedia.org/resource/Category:1922_establishments_in_California @ http://dbpedia.org/resource/Category:1922_sculptures @ http://dbpedia.org/resource/Category:Monuments_and_memorials_in_California @ http://dbpedia.org/resource/Category:Monuments_and_memorials_removed_during_the_George_Floyd_protests @ http://dbpedia.org/resource/Category:Outdoor_sculptures_in_California @ http://dbpedia.org/resource/Category:Sculptures_of_men_in_California @ http://dbpedia.org/resource/Category:Statues_in_California @ http://dbpedia.org/resource/Category:Statues_of_Junípero_Serra @ http://dbpedia.org/resource/Category:Vandalized_works_of_art_in_California @ http://dbpedia.org/resource/Category:Wooden_sculptures_in_the_United_States	http://dbpedia.org/resource/Junípero_Serra
http://dbpedia.org/resource/The_Promised_Land_(sculpture)	http://dbpedia.org/resource/Category:1993_establishments_in_Oregon @ http://dbpedia.org/resource/Category:1993_sculptures @ http://dbpedia.org/resource/Category:Bronze_sculptures_in_Oregon @ http://dbpedia.org/resource/Category:Oregon_Trail @ http://dbpedia.org/resource/Category:Outdoor_sculptures_in_Portland,_Oregon @ http://dbpedia.org/resource/Category:Plaza_Blocks @ http://dbpedia.org/resource/Category:Removed_statues @ http://dbpedia.org/resource/Category:Sculptures_of_children_in_Oregon @ http://dbpedia.org/resource/Category:Sculptures_of_men_in_Oregon @ http://dbpedia.org/resource/Category:Sculptures_of_women_in_Oregon @ http://dbpedia.org/resource/Category:Statues_in_Portland,_Oregon @ http://dbpedia.org/resource/Category:Vandalized_works_of_art_in_Oregon	Pioneer family
