"artwork	desc"
"http://www.cs.helsinki.fi/group/seco/ns/2004/03/18-esinekortti#NBA_H26069_282	Soikea miniatyyri, miehen rintakuva vasemmalle. Ruskeat lyhyet hiukset, ruskea pujoparta ja viikset, siniset silmät. Haarniska, valkoinen leveä kangaskaulus, vasemman olan yli harmaanruskea liina. Taustalla tumman punaruskea draperia sekä tummaa taivasta. Soikea kullattu kaiverruskoristeinen puukehys. Miniatyyrin päällä lasi. Kääntöpuolella musta paperi ja sen päälle liimattu painettu nimilappu joka on osittain irronnut. Gillbergin miniatyyri on kopio Peter Adolf Hallin miniatyyristä (Nationalmuseum, Stockholm, NMB73), joka puolestaan on vuonna 1786 tehty kopio Anton van Dyckin maalauksen ja Paulus Pontiuksen kuparipiirroksen mukaan."
"http://www.cs.helsinki.fi/group/seco/ns/2004/03/18-esinekortti#NBA_H5555_2	""Suorakaiteen muotoinen miniatyyri. Naisen rintakuva oikealle, katse eteen. Valkoinen syvään uurrettu puku jossa pitsiröyhelö ja harmaat hihat. Avoimena olevat ruskeat hiukset, harmaat silmät. Sinipunainen tausta. Kultamaalatut puiset kehykset. Kuvan päällä lasi jonka reunoilla kultaus ja mustalla teksti: """"Dorothé Elisabeth Stenhof née Sauer""""."""
"http://www.cs.helsinki.fi/group/seco/ns/2004/03/18-esinekortti#NBA_H1261_8	Soikealle lasinkappaleelle tehty maalaus. Miehen rintakuva vasemmalle, pää oikealle. Kiharat ruskeat hiukset. Kärpännahalla reunustettu viitta. Tumma tausta. Kuvasoikion ympärillä harmaa ja ruskea reuna, jossa on teksti: CAROLUS XI REX SVEGIAE. Kuuluu kolmentoista ruotsalaisen hallitsijan muotkuvasarjaan."
"http://www.cs.helsinki.fi/group/seco/ns/2004/03/18-esinekortti#ECM_3334_3	Pyöreä, suureunassa paksunnos, kaula suora, kaulan alta viistosti pyöristetty ja profiloitu, alaosa kapenee pohjaa kohti. Laitoihin maalattu kukka- ja raitakoriste. Keskiosassa kehässä viisi moniväristä, vanhojen, kansanomaisten maalauskoristeiden tyylistä kukkaa ja niiden ylä- ja alapuolella vastakkaisesti pienempiä kukkia. Kaulassa, kaulan alla ja taitteessa kolmen punaisen raidan kehät. Pyöristyksessä polveilevaa nauhaa ja pisteitä. Isoissa kukissa mustaa, sinistä, vihreää, keltaista ja punaista. Pienissä mustaa, sinistä, vihreää ja keltaista. Punainen puutulppa, alle kiinnitetty päältä naulalla korkki, tattimaisen kupera, pyöreä, alta kovera. Naula ruostunut."
"http://www.cs.helsinki.fi/group/seco/ns/2004/03/18-esinekortti#NBA_H7237_20	Soikea miniatyyri. Nuorehkon miehen rintakuva, vartalo oikealle, katse eteenpäin. Tummanruskeat eteenpäin kammatut hiukset, ruskeat silmät. Musta takki, kullanväriset napit, valkoinen liivi ja kaulaliina. Valkoinen korkeakauluksinen paita. Siniharmaa tausta. Kultakehys jossa ripustuslenkki. Kääntöpuolella reunassa ruskeista hiuksista punottu palmikko. Keskellä kultakehyksen sisällä valkoisella emali(?)pohjalla kultakirjaimin monogrammi JGÖ. Lasi sekä miniatyyrin että kääntöpuolen päällä."
"http://www.cs.helsinki.fi/group/seco/ns/2004/03/18-esinekortti#NBA_H6883_1	Keski-ikäisen istuvan miehen puolivartalokuva. Vartalo oikealle, kasvot eteenpäin. Tummat, lyhyet eteenpäin kammatut hiukset, ruskeat silmät. Siviiliunivormu, jossa musta korkeakauluksinen takki, kauluksessa ja hihansuissa kultakirjontaa, kullanväriset napit. Valkoiset housut, liivi, paita ja kaularöyhelö. Pyhän Annan ritarikunnan kaularisti, kolme pienempää kunniamerkkiä rinnassa. Oikea käsi työnnetty takin sisään, vasen käsi nojaa pöytään ja pitelee kirjettä. Vasemman käden keskisormessa suurikokoinen kantasormus. Tuoli ja pöytä ruskeita, pöydällä kirjeitä ja sinetöityjä kirjekuoria. Harmaa tausta. Soikea messinkikehys. Miniatyyrin kuva-ala kahdeksankulmainen, kullanvärisellä paperilla reunustettu. Kuvan ja kehyksen väliin jäävä alue on musta. Messinkikehyksessä kaiverruskoristelua."
"http://www.cs.helsinki.fi/group/seco/ns/2004/03/18-esinekortti#NBA_H26069_275.1	Soikea miniatyyri. Naisen puolivartalokuva vasemmalle, kasvot kohti katsojaa. Ruskeat, kiharat, avoimet hiukset, hiuksissa kullaruskea huivi tai nauha. Siniset silmät. Valkoinen puku, joka on vyötäröltä sidottu kullanvärisellä vyöllä. Puvussa kauluksessa pitsireunus. Sininen kultakirjailtu hartiahuivi. Taustalla sininen, osittain pilvinen taivas. Lasi, kapea metallikehys, sijoitettu suorakaiteen muotoiseen, mustaksi maalattuun puukehykseen, jossa on myös miniatyyrit KM 26069:275.2-6. Puukehyksen yläreunassa metallinen ripustuslenkki ja -rengas. Puukehyksen taustapahvissa lueteltu miniatyyrien mallien nimet."
"http://www.cs.helsinki.fi/group/seco/ns/2004/03/18-esinekortti#NBA_H32100_57	Soikea miniatyyri, miehen rintakuva, vartalo oikealle. Suuri harmaa allonge-peruukki, siniset silmät. Ruskea takki, kirkkaansininen kaulus. Valkoinen avonainen paita. Mustanharmaa tausta. Kullattu hopeakehys. Kehyksen kääntöpuolella kaiverruskoristelu. Miniatyyrin päällä reunoista fasetoitu paksu lasi. Miniatyyri on ostettu Aspelin-Haapkylän kokoelmaan Hammerin huutokaupasta Kölnistä vuonna 1893 hintaan 150 Rmk."
"http://www.cs.helsinki.fi/group/seco/ns/2004/03/18-esinekortti#NBA_H1261_6	Soikealle lasinkappaleelle tehty maalaus. Naisen rintakuva vasemmalle. Pitkät ruskeat kiharat hiukset. Vaalea puku, punainen viitta.Tumma tausta. Kuvasoikion ympärillä harmaa ja ruskea reuna, jossa on teksti: CHRISTINA REGINA SVECIAE. Suorakaiteen muotoinen pahvikehys. Kuuluu kolmentoista ruotsalaisen hallitsijan muotokuvasarjaan."
"http://www.cs.helsinki.fi/group/seco/ns/2004/03/18-esinekortti#NBA_H4382_2	Soikea akvarelli/miniatyyri pyöreässä kehyksessä. Naisen puolivartalokuva oikealle, sivukuva. Musta puku, kaksinkertainen valkoinen kaularöyhelö. Valkoinen myssy. Puvussa koristeena punakeltaisesta nauhasta tehdyt rusetit hihassa ja kauluksessa, samaa nauhaa myssyn päällä. Harmaat hiukset. Kaulassa kapea musta nauha. Musta tausta. Mustaksi maalattu, profiloitu puukehys. 1960 puhdistettu ja naarmut restauroitu. Suojattu perspex-levyillä. Kehykset puhdistettu ja liimattu. 1973 laitettu kapeat pahvireunat ersitämään kuva lasista, kiinnitetty uudelleen kehyksiin."
"http://www.cs.helsinki.fi/group/seco/ns/2004/03/18-esinekortti#LahtiLKM_LHM_LHM_ES_2265_2	Matalahko jalkarengas, alhaalta levenevä, keskeltä suora ja suusta kaartuen kapeneva kupu. Leveä ylöspäin kohoava nokka, leveähkö, litteä korva."
"http://www.cs.helsinki.fi/group/seco/ns/2004/03/18-esinekortti#NBA_H26069_278.1	Soikea miniatyyri, nuoren naisen rintakuva vasemmalle, vasen hartia nähty lähes takaa, pää profiilissa vasemmalle. Ruskeat hiukset, kiharat otsalla ja ohimoilla, takaa ylös nostettu. Ruskeat silmät. Sininen puku, vaaleanruskea huivi vasemmalla olkapäällä. Siniharmaa tausta. Ohuet kupari(?)kehykset. Kuvan päällä lasi, takana pahvi. Kiinnitetty mustaksi lakattuun, viiteen osaan taittuvaan puuraamiin, jossa miniatyyrit KM 26069:278.1-8."
"http://www.cs.helsinki.fi/group/seco/ns/2004/03/18-esinekortti#NBA_H1261_3	Soikealle lasinkappaleelle tehty maalaus. Miehen rintakuva vasemmalle. Ruskeat hiukset, pujoparta ja viikset. Haarniska ja leveä pitsikaulus. Tumma tausta. Kuvasoikion ympärillä harmaa ja ruskea reunus, jossa teksti: CAROLUS IX REX SVECIAE. Kuuluu kolmentoista ruotsalaisen hallitsijan muotokuvasarjaan."
"http://www.cs.helsinki.fi/group/seco/ns/2004/03/18-esinekortti#NBA_H6000_27	Soikea miniatyyri. Miehen rintakuva vasemmalle. Puuteroidut hiukset, pulisongit, ruskeat silmät. Tummanruskea takki, valkoinen liivi ja kaulahuivi, korkea pystykaulus. Ruskeanharmaa tausta. Kapea kuparikehys, jossa ripustuslenkki ja -rengas. Kääntöpuolella ruskeista hiuksista punottu tausta ja sen päällä kuparilevystä leikatuista kirjaimista muodostettu monogrammi JDHZ. Molemmilla puolilla lasi. Kääntöpuolella lasin alla kaksi pientä paperilappua joissa tekstit KB 40 ja K.,No 1278 vi."
"http://www.cs.helsinki.fi/group/seco/ns/2004/03/18-esinekortti#NBA_H6568_1	Soikea miniatyyri. Nuorehkon miehen rintakuva, vartalo oikealle. Vaaleat hiukset ja pulisongit, siniset silmät. Pukeutunut suomalaisen tykistörykmentin luutnantin univormuun n. vuodelta 1808: sininen takki jossa hopeanväriset napit, epoletit ja vyö. Punainen pystykaulus jossa kaksinkertaiset hopeakaluunat. Miekkaritarikunnan ritarimerkki. Harmaa tausta. Messinkikehys jossa kaiverrettua lehtikoristelua."
"http://www.cs.helsinki.fi/group/seco/ns/2004/03/18-esinekortti#NBA_H26069_281	Soikea miniatyyri. Vanhan miehen rintakuva oikealle. Ruskeat taakse kammatut hiukset, ruskea leukaparta ja viikset. Siniset silmät. Haarniska, leveä valkoinen pitsireunainen kaulus, oikean olan yli leveä sininen, kultakirjailtu liina. Tumman harmaanruskea tausta. Leveä, soikea kullattu ja kaiverruksin koristettu puukehys. Miniatyyrin päällä lasi. Kääntöpuolella musta paperi, johon liimattuun lappuun on painettu teksti: 27. Grefve AXEL OXENSTJERNA, f. 1583 D. 1654, Rikskansler m. m., ram som N:o 25. Gillbergin teos on kopio Peter Adolf Hallin miniatyyristä (Nationalmuseum, Stockholm, NMB 74), joka puolestaan on vuonna 1786 tehty kopio Michiel Janszoon van Miereveltin teoksesta."
"http://www.cs.helsinki.fi/group/seco/ns/2004/03/18-esinekortti#LahtiLKM_LHM_LHM_ES_99076	Nuken kehto. Kehdossa poikittaiset jalakset. Laidat suorat, ulospäin levenevät. Päätyihin veistetty koristeet. Maalattu sekä sisä- että ulkopuolelta vihreäksi."
"http://www.cs.helsinki.fi/group/seco/ns/2004/03/18-esinekortti#ECM_3585_1	Suorakaiteen muotoinen taulu, jossa puiset kehykset. Taulu on sametille maalattu ilm. öljyvärein. Alkuperin kangas on ilmeisesti ollut pingotettuna, mutta myöhemmin liimattu aaltopahvin l}palalle, joka puolestaan on niitattu takaa kehykseen.Kangas on jossain vaiheessa irronnut liimauksistaan ja valunut alaspäin poimuille.Sametille on kuvattu Lapin maisemaa poroineen, mökkeineen, vaaroineen ja revontulineen.Vasemmassa alareunassa on taiteilijan nimikirjoitus (epäselvä)."
"http://www.cs.helsinki.fi/group/seco/ns/2004/03/18-esinekortti#NBA_H6160	Soikea miniatyyri, nuoren miehen rintakuva vasemmalle, katse eteenpäin. Vaaleanruskeat hiukset, niskassa pidemmät kiharat. Siniset silmät, terve ihonväri. Uudenmaan jalkaväkirykmentin univormu: harmaa takki jossa siniset kaulukset, kultaiset napit ja epoletit, musta kaulahuivi. Siniharmaa tausta. Kuvan päällä lasi. Ohuessa kultakehyksessä pieni ripustuslenkki, kultaleimat. Miniatyyrin kääntöpuolella lasin alla hiuskiehkuroita."
"http://www.cs.helsinki.fi/group/seco/ns/2004/03/18-esinekortti#NBA_H65050_691	Soikea miniatyyri. Vanhahkon miehen rintakuva. Mustanharmaat kiharat hiukset, tuuheat, osin harmaantuneet kulmakarvat. Ruskeat silmät. Valkoinen pystykauluksinen paita, valkoinen kaulaliina. Musta takki joka näkyy päällystakin ruskean turkiskauluksen alta. Tummanharmaa tausta. Empiretyylinen suorakaiteen muotoinen mahonkikehys, kuva-aukon reunassa soikea rasteripintainen, palmettikoristeinen messinkikehys."
"http://www.cs.helsinki.fi/group/seco/ns/2004/03/18-esinekortti#NBA_H6000_28	Soikea miniatyyri. Nuoren naisen rintakuva, kasvot vasemmalle. Tuhkanharmaat hiukset, olkapäille laskeutuvat kiharat. Ruskeat silmät. Syvään uurrettu puku, kauluksen ympärillä läpikuultava pitsiröyhelö. Siniharmaa tausta. Kuparikehys jossa ripustuslenkki ja -rengas. Kääntöpuoli värjättyä paperia."
"http://www.cs.helsinki.fi/group/seco/ns/2004/03/18-esinekortti#LahtiLKM_LHM_LHM_ES_97045_6	Tuoli: käsinojaton tuoli. Selusta ja istuin verhoiltu. Umpinainen selusta lähes neliönmuotoinen, kaarevareunainen, ylhäällä koristeena pieni kukka ja sitä kehystävät lehdet. Etujalat kaarevat, kynsikoristellut. Takajalat nelikulmaiset, taaksekaartuvat. Etusarja kaareva, sen koristeena simpukka, jota kehystää kaarevat lehdet. Alhaalla sorvattu H-ristikko. Istuin irtonainen, pehmustettu, edestä kaareva. Verhoilukankaat: 1. alkuperäisenä verhoilukankaana sininen, vihreäksi haalistunut tekokuitu?kangas, damastina kudottu huonekalukangas, jossa kukkia ja lehtiä. 2. päällimmäisenä sininen puuvillasatiini, johon painettu vaaleita kookkaita kukkia."
"http://www.cs.helsinki.fi/group/seco/ns/2004/03/18-esinekortti#LahtiLKM_LHM_LHM_ES_97045_10	Tuoli: avoselustainen pikkutuoli. Selustan hartialauta kaareva. Selustassa pystysuora, leveä selkälauta, joka kapenee hieman alaspäin. Selkälauta verhoiltu. Istuin suorasivuinen, hieman taakse kapeneva. Istuin verhoiltu sarjan yli. Jalat sorvatut, ylhäältä hoikka balusterivartinen, alhaalla jykevähkö kuutio, jalka päättyy pieneen litistettyyn palloon. Alhaalla H-ristikko. Verhoilukankaat: 1. kolmessa tuolissa vaalea gobeliinikangas, jossa ruskeita ja vaaleanpunaisia, kuosiin kudottuja kookkaita kukkakuvioita.                  2. yhdessä tuolissa paperikangas (otettu esiin), johon painettu punaisia kookkaita kukkia. Sen päällä oli kuosiin kudottu raidallinen satiini. Selustassa lisäksi vihreä viskoosikangas?, jossa kuosiin kudottuja kukkakuvioita. (ks. toimenpiteet)."
"http://www.cs.helsinki.fi/group/seco/ns/2004/03/18-esinekortti#NBA_H1261_12	Soikealle lasinkappaleelle tehty maalaus. Miehen rintakuva vasemmalle, pää oikealle. Harmaa lyhyt peruukki. Leveä sininen ritarikunnan olkanauha ja rintatähti. Punainen puku, vasemmalla näkyy viitan kärpännahkareunusta. Tumma tausta. Kuvasoikion ympärillä ruskea reuna, jossa teksti: ADOLPHUS FRIDERICUS REX SVECIAE. Kuuluu kolmentoista ruotsalaisen hallitsijan muotokuvasarjaan."
"http://www.cs.helsinki.fi/group/seco/ns/2004/03/18-esinekortti#NBA_H26069_279.8	Pyöreä miniatyyri, nuoren naisen puolivartalokuva oikealle, pää vasemmalle. Ruskeat hiukset, päälaelta sileäksi kammatut, ohimoilla kiharat. Ruskeat silmät. Sininen avokaulainen puku, kauluksessa valkoinen röyhelö. Harmaa tausta. Ohut messinkikehys, kuvan päällä lasi, kääntöpuolella pahvi. Miniatyyri on kiinnitetty mustaksi lakattuun, viiteen osaan taittuvaan puuraamiin, jossa on miniatyyrit KM 26069:279.1-11."
"http://www.cs.helsinki.fi/group/seco/ns/2004/03/18-esinekortti#NBA_H30040_1	Soikea miniatyyri. Nuoren miehen rintakuva vasemmalle. Eteenpäin kammatut, mustat kiharat hiukset, ruskeat silmät. Tummansininen takki jossa kullanväriset napit. Valkoinen, pystykauluksinen paita ja liivi sekä valkoinen kaulaliina. Ollut aiemmin ilmeisesti kehystetty. Konservaattori Veikko Kiljunen puhdistanut vuonna 1959. Suojattu perspex-levyllä."
"http://www.cs.helsinki.fi/group/seco/ns/2004/03/18-esinekortti#NBA_H26069_273	Soikea minatyyri, naisen puolivartalomuotokuva kääntynyt. Mustat hiukset keskeltä jakauksella, ruskeat silmät. Päähän rypytettynä ohut valkoinen huntu, joka laskeutuu olkapäille. Valkoinen, melko avonainen puku, jossa kapea vyötärö ja leveät puhvihihat jotka kapenevat ranteisiin. Koukistettu oikea käsi  pitelee huntua. Kultainen leveä rannekoru jossa sininen kivi, kultainen vyönsolki. Taustalla tummanvihreä poimutettu verho, vasemmassa reunassa kori jossa erivärisiä kukkia. Maalauspohja pystysuunnassa haljennut. Miniatyyrin päällä lasi, ympärillä soikea, koristeellinen ja melko leveä messinkikehys. Tämä on sijoitettu suorakaiteen muotoiseen, sileään visakoivukehykseen."
"http://www.cs.helsinki.fi/group/seco/ns/2004/03/18-esinekortti#NBA_H7237_4	Soikea miniatyyri. Rintakuva, vartalo oikealle, katse eteenpäin. Ruskeat hiukset, viikset ja pujoparta. Musta kultakirjailtu takki, leveä valkoinen pitsikaulus. Punaruskea tausta. Koristeellinen, puusta kaiverrettu lakattu kehys. Passepartout ruskeanpunaista samettia. Konservaattori Veikko Kiljunen on puhdistanut teoksen 1959."
"http://www.cs.helsinki.fi/group/seco/ns/2004/03/18-esinekortti#LahtiLKM_LHM_LHM_ES_94146_17	""Ammemainen kopan reunat kaartuvat loivasti ulospäin pohjan muoto päätyihin kapeneva päätysivut veistetty voimakkaasti ylöspäin kapeneksi """"varsiksi"""" ripustusnuorien kiinnittämistä varten"""
"http://www.cs.helsinki.fi/group/seco/ns/2004/03/18-esinekortti#ECM_89_1	Yksinkertaista työtä. Laidat koottu 7 kappaleesta, taivutettuja, ylöspäin kapenavaa. Kädensija tukeva, kansi liittyy siihen puunaulalla. Alhaalla kaksi puusta kierrettyä vannetta. Maalattu tummaksi."
"http://www.cs.helsinki.fi/group/seco/ns/2004/03/18-esinekortti#NBA_H6324_2	Pyöreä miniatyyri. Miehen rintakuva profiilista vasemmalle. Punaruskeat hiukset, siniset silmät. Vihreänharmaa takki jossa musta kaulus, keltainen liivi. Valkoinen paita ja kaulaliina. Valkoinen, maalamaton tausta. Kullattu hopeakehys jossa ripustuslenkki, molemmin puolin lasi. K.K. Meinanderin mukaan miniatyyri olisi mahdollisesti Wilhelm Le Moinen valmistama. -- Lahjoitettaessa miniatyyrissä ei ole ollut kehyksiä. Kehyksissä leima VI (VL?) kruunu 13M vene L5. Ilmeisesti helsinkiläisen kultasepän Viktor Lindmanin vuonna 1916 tekemä."
"http://www.cs.helsinki.fi/group/seco/ns/2004/03/18-esinekortti#LahtiLKM_LHM_LHM_ES_2000059_1	Tuoli: Korkeaselkäinen, käsinojaton koivusta valmistettu lepotuoli. Selkänojan muodostavat istuimen takaosasta lähtevät pinnat. Maalattu musta mattapintainen. Ostokuitti: Asko Osakeyhtiö Turku. Tilaus No 63152. Pvm. 23/1 1959. Tuoli  N:o 2900, Musta, mattap., 5800 mk. Mademoiselle-tuoli."
"http://www.cs.helsinki.fi/group/seco/ns/2004/03/18-esinekortti#LahtiLKM_LHM_LHM_ES_93032	Kastepöytä, jonka jalka- ja pöytälevy ovat neliön muotoiset ja profiloidut. Niiden välissä kulmissa ohuet pyöreät pylväät, jotka ohenevat ylöspäin antiikin temppelin kattopalkistoa muistuttava pöydänkansirakenne"
"http://www.cs.helsinki.fi/group/seco/ns/2004/03/18-esinekortti#NBA_H5066_11	Soikea miniatyyri. Miehen rintakuva, vartalo oikealle. Tummanruskeat kiharat hiukset, siniset silmät. Sinivihreä univormu, sininen kaulus, hopeakaluunat ja -epoletit, siniset kanttaukset. Valkoinen paita ja liivi, musta kaulahuivi. Kolmannen suomalaisen jalkaväkirykmentin univormu. Harmaa tausta. Kapea kullattu metallikehys, ripustuslenkki. Molemmilla puolin lasi."
"http://www.cs.helsinki.fi/group/seco/ns/2004/03/18-esinekortti#NBA_H26069_279.9	Nuoren miehen rintakuva vasemmalle. Yllä korkeakauluksinen sininen univormu, jossa kunniamerkki ja sininen silkkinauha. Lyhyet hiukset. Maalauksen kulmat viistetyt.Metallikehys. Miniatyyri on ollut kiinnitetty mustaksi lakattuun, viiteen osaan taittuvaan puuraamiin, jossa on miniatyyrit KM 26069:279.1-11. Kustaa IV Aadolf s. 1778 k. 1837. Hyvin samantapainen Jakob Axel Gillbergin miniatyyri Kustaa IV Adolfista on Tukholman Nationalmuseumissa, inv. nro NMB 604."
"http://www.cs.helsinki.fi/group/seco/ns/2004/03/18-esinekortti#LahtiLKM_LHM_LHM_ES_97054_8	Nelikulmainen, reunat voimakkaasti pyöristetyt. Pohjassa matala jalkarengas, jossa reikä kiinnitystä varten. Pinnan peittää naturalistinen ruusunkukka lehtineen."
"http://www.cs.helsinki.fi/group/seco/ns/2004/03/18-esinekortti#NBA_H4382_3	Pyöreä miniatyyri, miehen rintakuva oikealle. Ruskeat kiharat hiukset, pulisongit ja viikset. Tummansininen univormu, kullanväriset napit, epoletit ja nauhat kauluksessa. Korkea kaulus, musta huivi kaulassa. Harmaansininen tausta. Messinkikehys."
"http://www.cs.helsinki.fi/group/seco/ns/2004/03/18-esinekortti#NBA_H1261_10	Soikealle lasinkappaleelle tehty maalaus. Naisen muotokuva en face. Kiharat ruskeat ylösnostetut hiukset. Avara pääntie, punainen kärpännahalla reunustettu viitta. Tumma tausta. Kuvasoikion ympärillä harmaa ja ruskea reuna, jossa teksti: ULRICA ELEONORA REGINA SVECIAE. Kuuluu kolmentoista ruotsalaisen hallitsijan muotokuvasarjaan."
"http://www.cs.helsinki.fi/group/seco/ns/2004/03/18-esinekortti#NBA_H26069_279.5	Pyöreä miniatyyri, nuoren miehen rintakuva oikealle. Tummat kiharat hiukset, siniset silmät. Sininen takki, kauluskäänteet vaaleamman siniset. Valkoinen avonainen kauluspaita. Kellertävän ruskea tausta. Kupari(?)kehys. Miniatyyrin reunoilla musta pahvi tai paperi. Kuvan päällä lasi, kääntöpuolella pahvi. Miniatyyri on kiinnitetty mustaksi lakattuun, viiteen osaan taittuvaan puuraamiin, jossa on miniatyyrit KM 26069:279.1-11."
"http://www.cs.helsinki.fi/group/seco/ns/2004/03/18-esinekortti#NBA_H32100_77	Soikea miniatyyri/siluetti, miehen rintakuva profiilissa vasemmalle. Kullanvärinen hahmo mustalla pohjalla. Eteenpäin kammatut hiukset, everstin univormu. Korkea kaulus, epoletit ja kaluunat. Rinnassa kunniamerkkejä. Kuva-alueen reunassa kullanvärinen koristereunus. Suorakulmainen kehys, kuvan ympärillä kultapaperireunus. Kuva ja sen ympärillä oleva valkoinen moiree-silkki lasin alla. Ulkoreunassa lasin päällä koristeellinen kultapaperireunus. Ostettu Aspelin-Haapkylän kokoelmaan vuonna 1899."
"http://www.cs.helsinki.fi/group/seco/ns/2004/03/18-esinekortti#LahtiLKM_LHM_LHM_ES_97054_10	Nelikulmainen, reunat voimakkaasti pyöristetyt. Pohjassa matala jalkarengas, jossa reikä kiinnitystä varten. Pinnan peittää naturalistinen ruusunkukka, ja -nuppu lehtineen."
"http://www.cs.helsinki.fi/group/seco/ns/2004/03/18-esinekortti#LahtiLKM_LHM_LHM_ES_97045_11	Tuoli: avoselustainen käsinojallinen tuoli. Selustan hartialauta kaareva. Selustassa pystysuora, leveä selkälauta, hieman alaskapeneva. Selkälauta verhoiltu. Istuin suorasivuinen. Istuin verhoiltu sarjan yli. Kädensijat avonaiset, edestä pukinsarvimaisesti sisäänpäin kaartuvat. Jalat sorvatut, ylhäältä hoikka balusterivartinen, alhaalla jykevähkö kuutio, jalka päättyy pieneen litistettyyn palloon. Alhaalla H-ristikko. Verhoilukankaat: 1. vihreä kukkakuvioinen viskoosikangas?, kuosiin kudottu. Mahdollisesti yhdistettyjä sidoksia.                                             2. alkuperäisenä materiaalina paperikangas, johon painettu kookkaita punaisia kukkia. Toisessa tuolissa jäljellä, toisessa ei."
"http://www.cs.helsinki.fi/group/seco/ns/2004/03/18-esinekortti#NBA_H26069_278.6	Soikea miniatyyri, miehen rintakuva oikealle, katse eteen. Taaksepäin kammatut, harmaat hiukset, hiukan kiharat ja melko pitkät. Ruskeat silmät. Tummansininen takki, korkeat kauluskäänteet. Takin alla vaaleanruskea raidallinen liivi, valkoinen paita ja valkoinen rusetilla oleva kaulahuivi. Taustalla pilvinen taivas. Ohuet messinki(?)kehykset. Kuvan päällä lasi, miniatyyrin takana pahvi. Miniatyyri on kiinnitetty mustaksi lakattuun, viiteen osaan taittuvaan puuraamiin, jossa mininatyyrit KM 26069:278.1-8."
"http://www.cs.helsinki.fi/group/seco/ns/2004/03/18-esinekortti#NBA_H6000_49	Soikea miniatyyri. Naisen rintakuva vasemmalle. Pöyheä, korkea, puuteroitu kampaus, hiuksissa sininen nauha. Avokaulainen harmaa puku, röyhelön reunustamassa kauluksessa sininen nauharuusuke. Harmaa tausta. Pyöreäksi profiloitu puinen kullattu kehys. Kultauksen alta näkyy punaista väriä. Ripustuslenkki, jossa pätkä narua. Kuvan päällä lasi. Restauroitu 1973. Akvarelli on kiinnitetty kehyksiinsä niin, että se on irrallaan lasista. Taakse on kiinnitetty uusi taustapahvi."
"http://www.cs.helsinki.fi/group/seco/ns/2004/03/18-esinekortti#NBA_H1261_5	Soikealle lasinkappaleelle tehty maalaus. Miehen rintakuva oikealle. Ruskeat hiukset, pujoparta ja viikset. Haarniska ja leveä pitsikaulus, punainen olkanauha. Tumma tausta. Kuvasoikion ympärillä harmaa ja ruskea reunus, jossa on osittain kulunut teksti: GUSTAVUS ADOLPHUS REX SVECIAE. Kiinnitetty pahviseen kehykseen. Kuuluu kolmentoista ruotsalaisen hallitsijan muotokuvasarjaan."
"http://www.cs.helsinki.fi/group/seco/ns/2004/03/18-esinekortti#NBA_H26069_279.10	Pyöreä lapsen puolivartalokuva vasemmalle, kasvot ja katse suoraan eteen. Yllä valkoinen, lyhythihainen kietaisupaita. Vaaleansininen tausta. Metallikehys. Miniatyyri on ollut kiinnitetty mustaksi lakattuun, viiteen osaan taittuvaan puuraamiin, jossa on miniatyyrit KM 26069:279.1-11. Gustav av Vasa s. 1799, k. 1877"
"http://www.cs.helsinki.fi/group/seco/ns/2004/03/18-esinekortti#NBA_H26069_279.1	Soikea miniatyyri. Lapsen (pojan) rintakuva hiukan vasemalle, katse eteen. Ruskeat, päältä lyhyiksi leikatut hiukset, niskassa pitemmät kiharat. Tummanruskeat silmät. Vihreä, punakauluksinen takki, vihreä liivi. Valkoinen röyhelökauluksinen paita, musta rusetti kaulassa. Ruskea tausta.Voimakkaasti profiloitu messinkikehys. Kuvan päällä lasi, kääntöpuolella kupari(?)levy. Miniatyyri on kiinnitetty mustaksi lakattuun, viiteen osaan taittuvaan puuraamiin, jossa on miniatyyrit KM 26069:279.1-11. Mahdollisesti englantilainen? Esim. miniatyyrimaalari George Engleheartin (1750-1829) varhaista tuotantoa?"
"http://www.cs.helsinki.fi/group/seco/ns/2004/03/18-esinekortti#ECM_2670_22	Paksupäisen kalan muotoinen, alapinta sileä. Uintia ohjaava lippa selluloidia(?), silmät nuppineuloista. Alapintaan kiinnitetty peltivahvike, jossa painolla varustettu koukku, perässä koukku. Pään alapinnassa rengas. Selässä punaisia pilkkuja."
"http://www.cs.helsinki.fi/group/seco/ns/2004/03/18-esinekortti#LahtiLKM_LHM_LHM_ES_1196	Sarja suora, alareuna hieman profiloitu nelikulmaisten jalkojen särmiä hiukan viistetty ja niitä yhdistää kehäys ylöskapeneva, taaksekallistuva selusta, jossa yläreunasta kömpelön kaartuva hartialauta ja pysty balusterilauta lautaistuin"
"http://www.cs.helsinki.fi/group/seco/ns/2004/03/18-esinekortti#NBA_H26069_279.11	Soikea miniatyyri, miehen rintakuva. Puuteroidut hiukset/peruukki, siniset silmät. Sininen univormuntakki jossa punainen kaulus, kullanväriset napit. Pyhän Andreaksen ritarikunnan kankainen rintatähti ja sininen nauha, kaulassa punaisessa nauhassa Aleksanteri Nevskin ritarikunnan komentajanmerkki. Valkoinen kaulaliina. Kukkakiehkuralla koristeltu kullattu(?) metallikehys. Kuvan päällä lasi, kääntöpuolella pahvi. Miniatyyri on kiinnitetty mustaksi lakattuun, viiteen osaan taittuvaan puuraamiin, jossa on miniatyyrit KM 26069:279.1-11."
"http://www.cs.helsinki.fi/group/seco/ns/2004/03/18-esinekortti#LahtiLKM_LHM_LHM_ES_97045_3	Tuoli: matala suorakaiteen muotoinen jakkara. Reunat pyöristetyt. Jalat rokokoota jäljitellen kaarevat, jaloissa kynsikoristelua. Sarja edessä ja takana kaareva, sivuilla suora. Sarjan koristeena edessä ja takana keskellä simpukka, jota kehystää kaarevat lehdet. Alhaalla sorvattu H-ristikko. Pehmustettu irtoistuin. Jälkeenpäin tuolia vahvistettu rautalangalla, kiinnitetty tuolin kulmista kulmiin. Verhoilukangas: 1. alkuperäisenä verhoilukankaana sininen, vihreäksi haalistunut tekokuitu?kangas, damastina kudottu huonekalukangas, jossa kukkia ja lehtiä. 2. päällimmäisenä sininen puuvillasatiini, johon painettu vaaleita kookkaita kukkia."
"http://www.cs.helsinki.fi/group/seco/ns/2004/03/18-esinekortti#NBA_H7237_23	Soikea miniatyyri. Vanhahkon miehen rintakuva profiilissa vasemmalle. Harmaat silmät, vaaleanruskeat eteenpäin kammatut lyhyet hiukset. Sininen univormu, kullanväriset napit, koristeet ja epoletit. Harmaansininen tausta. Kapea kullattu metallikehys jossa ripustuslenkki. Miniatyyrin päällä lasi. Kääntöpuolella lasin alla kuviollista silkkikangasta."
"http://www.cs.helsinki.fi/group/seco/ns/2004/03/18-esinekortti#NBA_H1261_7	Soikealle lasinkappaleelle tehty maalaus. Miehen rintakuva en face. Pitkähköt ruskeat hiukset, pieni pujoparta ja viikset. Haarniska, punainen viitta. Tumma tausta. Kuvasoikion ympärillä harmaa ja ruskea reunus, jossa teksti: CAROLUS GUSTAVUS REX SVECIAE. Suorakaiteen muotoinen pahvikehys. Kuuluu kolmentoista ruotsalaisen hallitsijan muotokuvasarjaan."
"http://www.cs.helsinki.fi/group/seco/ns/2004/03/18-esinekortti#NBA_H26069_275.4	Pyöreä miniatyyri, kahta lasta esittävä puolivartalomuotokuva: vas. vanhempi tyttö, oik. nuorempi poika. Tytön vasen käsi pojan harteilla. Tytöllä on tummanruskeat pitkät, kiharat hiukset. Pojalla vaaleamman ruskeat, poskille ulottuvat hiukset. Molempien silmät siniharmaat.Tytöllä valkoinen avokauluksinen puku jossa on sininen huivi sekä keltainen, siniraitainen hartiahuivi. Pojalla sininen puku, jossa valkoinen röyhelökaulus ja kullanruskeasta kankaasta solmittu vyö. Tausta tummansininen. Kuvan päällä lasi. Ohut metallikehys. Miniatyyri on sijoitettu suorakaiteen muotoiseen, mustaksi maalattuun puukehykseen yhdessä miniatyyrien KM 26069:275.1-3 ja 5-6 kanssa. Kehyksen yläreunassa on koristeellinen ripustuslenkki- ja rengas."
"http://www.cs.helsinki.fi/group/seco/ns/2004/03/18-esinekortti#NBA_H6015_3	Soikea miniatyyri. Rintakuva oikealle, mies adjutantin univormussa. Tummanvihreä univormu, hopeanväriset epoletit, korkea kaulus jossa punaista nauhaa. Kunniamerkkejä. Musta kihara tukka, viikset, ruskeat silmät. Teräksenharmaa tausta. Muovilevyjen suojaama, ei kehystä."
"http://www.cs.helsinki.fi/group/seco/ns/2004/03/18-esinekortti#LahtiLKM_LHM_LHM_ES_94007_4	Kokomusta kirjoituspöytä. Muodostuu kahdesta pöytälevystä, joista ylin on hieman lyhyempi kuin alimmainen. Levyjen välissä keskellä vetolaatikko (pituus 43,0 cm), muutoin levyjen väliin jäävä tila on avonainen. Ylimmäisen pöytälevyn reunaa kiertää pituussuunnassa kromattu metalliputki, joka kiertyy alakautta pöytälevyn taakse muodostaen samalla pöydän kaksi jalkaa."
"http://www.cs.helsinki.fi/group/seco/ns/2004/03/18-esinekortti#ECM_3139_9	Soikeahko jalusta, jonka keskellä naturalistisesti muotoiltu karhuveistos, etutassujen välistä kurkkii 2 pentua."
"http://www.cs.helsinki.fi/group/seco/ns/2004/03/18-esinekortti#NBA_H41089	Soikea miniatyyri. Miehen muotokuva, vartalo oikealle. Valkoiset hiukset/peruukki, siniharmaat silmät. Sininen univormun takki, kullanväriset epoletit, joissa hopeanväriset hapsut ja päällä kruunu. Kullanväriset napit, vaaleankeltainen pystykaulus, musta hihna rinnan yli. Miekkaritarikunnan ritarimerkki. Valkoinen liivi jossa kullanväriset napit, valkoinen paita ja kaulusröyhelö, musta kaulaliina. Siniharmaa tausta. Kuvan päällä lasi. Kultakehys, jonka reunoissa koristeena spiraalille kierrettyä metallilankaa. Ripustuslenkki. Kääntöpuolella musta siluetti kultaisella pohjalla (naisen profiili vasemmalle), joka esittänee J. F. Carpelanin puolisoa Maria Magdalena Noraeusta. Miniatyyrin kääntöpuolella mustana siluettina kultaisella pohjalla Carpelanin puolison Maria Magdalena Noraeuksen muotokuva. Miniatyyriä on säilytetty punaisella nahalla päällystetyssä pienessä kotelossa, jonka kanteen on painettu C:W:C ja reunaan koristekiemurat."
"http://www.cs.helsinki.fi/group/seco/ns/2004/03/18-esinekortti#NBA_H6049	Soikea miniatyyri. Keski-ikäisen miehen rintakuva oikealle. Harmaat, eteenpäin kammatut hiukset, ruskeat silmät. Musta, korkeakauluksinen takki, valkoinen paita, kaulahuivi ja liivi. Siniharmaa tausta. Kapea kultakehys jossa ripustuslenkki. Lenkissä kultaleimat. Kääntöpuolella lasin alla langalla solmittu hiuskiehkura."
"http://www.cs.helsinki.fi/group/seco/ns/2004/03/18-esinekortti#ECM_248_1	Puuta, maalattu. Pohjat ellipsin muotoiset, hiukan kuperat. Sivut kimpityönä tehty. Ellipsin kapeammassa päässä on sivutkin kapeammat, levenevät taas vastaavasti ellipsin pyöreään pohjaan päin. Sivujen ympärillä kahdet kaksinkertaiset puuvanteet. Ylimmissä kimmessä kohoama ja siinä keskellä suureiät. Paksusta rautalangasta taivutettu kädensija, joka kiinnittyy sivuille rautalankakoukkuihin. On ollut ruskeaksi maalattu väri lähes olemattomaksi kulunut."
"http://www.cs.helsinki.fi/group/seco/ns/2004/03/18-esinekortti#NBA_H26069_275.5	Soikea miniatyyri, miehen rintakuva oikealle. Valkeanharmaa, kihara allonge-peruukki. Siniset silmät. Punainen takki, valkoinen kaulaliina. Siniharmaa tausta. Kuvan päällä paksu, reunoista fasetoitu lasi. Kapea metallikehys. Sijoitettu mustaksi maalattuun puukehykseen, jossa ovat myös miniatyyrit KM 26069:275.1-4 ja 6. Miniatyyri on ollut luetteloituna tuntemattomana, mutta K.K. Meinaderin mukaan kyseessä on Carl Gustaf Wennerstedt. Miniatyyri on siirretty nykyiseen puukehykseen Åminnesta tulleista kokoelmista. Nykyinen puukehys on Ratulasta saatuja esineitä, samoin kuin siinä olevat miniatyyrit KM 26069:275.1-4. Wennerstedtin kohdalla on aiemmin ollut miniatyyri KM 26069:279.9 (Kustaa IV Aadolf), joka puolestaan on siirretty toisiin kehyksiin."
"http://www.cs.helsinki.fi/group/seco/ns/2004/03/18-esinekortti#LahtiLKM_LHM_LHM_ES_97054_4	Punottuun, puuvillaiseen nyöriin pujotettu mustia ja punaisia sorvattuja puurenkaita ja kolme kromattua metalliputken palaa."
"http://www.cs.helsinki.fi/group/seco/ns/2004/03/18-esinekortti#ECM_2191_1	Maalattu laakea pyöreä lautanen, johon maalattu voimakkaasti tyylitellen, paksuin viivoin mustaihoinen nainen ja kukkia. Pinta ruudutettu mosaiikkimaisesti. Peltiset kiinnikkeet, joiden varassa ripustustuslenkki. Faarao- ja Afrikka -vaikutteita. Ruskeaihoinen nainen vyötäröä myöten, yläosa paljaana, vartalo kuvattuna edestä, pää vasemmalle kääntyneenä, kädet levitettyinä sivuille kyynärpäistä koholla, musta tukka oikealle olkapäälle, oranssissa vyötäröhameessa valkeita kukkia, ympärillä neliterälehtisiä, ristikukkamaisia kukkia, joissa keltaiset reunat, musta sisus, kukista neljä kokonaista, yksi osittain näkyvissä, reuna ruskea, valkea väri opaalista. Alalaidassa taiteilija Molanderin signeeraus."
"http://www.cs.helsinki.fi/group/seco/ns/2004/03/18-esinekortti#LahtiLKM_LHM_LHM_ES_1829	Suhteessa kokoonsa jykevä, kömpelöhkö  syvempi alaosa ja kapeampi yläosa, kyljet suorat, alaosan etusivu uloskaartuva  ovet peiliovet, kehyksen sisäreuna arbaléte-kaarinen  yläosan sivujen etureuna kierukkaprofiilinen  2 + 2 laatikkoa, keskiosassa kapea hylly  uloskaartuvat jalka- ja otsalistat  sorvatut balusterijalat uudemmat"
"http://www.cs.helsinki.fi/group/seco/ns/2004/03/18-esinekortti#NBA_H26069_274	Soikea miniatyyri. Naisen rintakuva vasemmalle. Ruskeat hiukset palmikoitu ylös nutturalle, ohimoilla kiharoita. Siniset silmät. Valkoinen puku, ohuesta valkoisesta kankaasta tehty pitsireunuksinen kaulus. Vasemmalla olkapäällä valkoinen viitta jossa leveä valkoinen turkis(?)kaulus. Ruskeanharmaa tausta. Lasi. Miniatyyrin ympärillä soikea, melko leveä ja koristeellinen messinkikehys. Tämä on sijoitettu suorakaiteen muotoiseen, sileään visakoivukehykseen."
"http://www.cs.helsinki.fi/group/seco/ns/2004/03/18-esinekortti#NBA_H26069_279.7	""Soikea miniatyyri. Nuoren naisen rintakuva. Tummat hiukset, otsalla ja ohimoilla kiharat, muuten hiukset koottu taakse nutturalle. Ruskeat silmät. Valkoinen avakaulainen puku, punainen hartiahuivi. Siniharmaa tausta. Ohut kupari(?)kehys, jossa ripustuslenkki. Kuvan päällä lasi. Kääntöpuolella sinisellä silkkimoiréella lasin alla kultakirjaimin teksti: L""""""""AMITIÉ EN FAIT LE PRIX. Miniatyyri on kiinnitetty mustaksi lakattuun, viiteen osaan taittuvaan puuraamiin, jossa on miniatyyrit KM 26069:279.1-11."""
"http://www.cs.helsinki.fi/group/seco/ns/2004/03/18-esinekortti#NBA_H7244_1	Rintakuva profiilissa --->, Beloruskijn husaarirykmentin sinisessä attilassa, jossa on punainen kaulus ja valkoiset nyörit ja kirjailut. Yrjönristi  (1808) kaulassa, Stanislauksen ritarikunnan suuri nauha sekä Pyhän Annan (1807) ja Vladimirin (1807) kunniamerkit. Harmaa pörröinen tukka, ruskea parta. Ruskea tausta. Miniatyyri norsunluulle, 60 x 47 mm, kulmat viistetyt. Päällä lasi ilman kehyksiä. Sahviaanirasiassa."
"http://www.cs.helsinki.fi/group/seco/ns/2004/03/18-esinekortti#LahtiLKM_LHM_LHM_ES_97045_9	Suorakaiteen muotoinen, kaksijalkainen pöytä. Kansi profiloitu. Päissä kookkaat uurnamaiset jalat, jalkojen alla tukirakenne. Kannen alla irtonainen jatkolevy, joka kiinnittyy tappien avulla kanteen."
"http://www.cs.helsinki.fi/group/seco/ns/2004/03/18-esinekortti#NBA_H37148	Kuparisormus jossa pystysuorakaiteen muotoinen, kulmista viistottu miniatyyri: puolivartalokuva vasemmalle kääntyneestä miehestä profiilista. Miehellä tummat lyhyet hiukset, pulisongit. Harmaanruskea univormu jossa kultanapit korkea sininen pystykaulus jossa kolme kultanauhaa. Vasempaan käsivarteen solmittu valkoinen liina. Vaaleanruskea tausta. Kuvan päällä lasi."
"http://www.cs.helsinki.fi/group/seco/ns/2004/03/18-esinekortti#ECM_1759_7	Puuta. Harja ja häntä pellavaa. Jalakset maalattu vihreäksi. Hevosen pinta tasoitettu massalla ja maalattu tummanruskealla. Hevosen selkään maalattu mustalla valjaat. Kaviot harmaat. Silmät maalatut."
"http://www.cs.helsinki.fi/group/seco/ns/2004/03/18-esinekortti#NBA_H6000_31	Soikea miniatyyri. Miehen rintakuva vasemmalle. Vaalea tukka, tummat kulmakarvat, poskiparta, parransänkeä. Tummansininen takki, valkoiset liivit ja kaulaliina, pystykaulus. Sinertävänharmaa tausta maalattu rakeiseksi. Kuvan päällä lasi. Kuparikehys jossa ripustuslenkki ja -rengas."
"http://www.cs.helsinki.fi/group/seco/ns/2004/03/18-esinekortti#LahtiLKM_LHM_LHM_ES_98004_6	Pieni Volkswagen-merkkinen auto."
"http://www.cs.helsinki.fi/group/seco/ns/2004/03/18-esinekortti#NBA_H1261_1	Soikealle lasinkappaleelle tehty maalaus. Miehen rintakuva hieman oikealle. Pitkä ruskea täysparta. Matala, töyhtökoristeinen baretti. Punainen nuttu, jossa on leveä harmaa turkiskaulus. Tumma tausta. Kuvasoikion ympärillä ruskea reuna, jossa on teksti: GUSTAVUS I REX SVECIAE. Kuuluu kolmentoista ruotsalaisen hallitsijan muotokuvasarjaan."
"http://www.cs.helsinki.fi/group/seco/ns/2004/03/18-esinekortti#NBA_H6000_48	Soikea miniatyyri. Naisen rintakuva vasemmalle. Olkapäille kihartuvat hiukset. Avokaulainen harmaa puku, vaalensinisellä nauharuusukkeella koristeltu pyöreä, röyhelön reunustama kaulus. Tumma leveälierinen hattu, jossa on sininen nauha. Harmaa tausta. Pyöreäksi profiloitu puinen, kullattu kehys. Kultauksen alta näkyy punaista väriä. Ripustuslenkki. Maalauksen päällä lasi. Restauroitu 1973. Akvarelli on kiinnitetty kehyksiinsä niin, että se on irrallaan lasista. Taakse on kiinnitetty taustapahvi."
"http://www.cs.helsinki.fi/group/seco/ns/2004/03/18-esinekortti#NBA_H4667	Soikea miniatyyri, nuoren naisen puolivartalokuva vasemmalle, sivukuva. Ruskeat hiukset nutturalla, ohimokiharat, siniset silmät. Valkoinen syvään uurrettu empiretyylinen puku, kauluksessa röyhelö. Käsivarsien ympärillä punainen huivi. Punertavan harmaa tausta. Passepartout, kapea messinkikehys jonka tinaus kulunut. Kehyksen ulkoreunalla sinisiä emalikukkia, joiden keskellä on ollut helmet. Helmistä suurin osa on irronnut. Takana tuki. Aikaisemmin miniatyyrissä on ollut ainoastaan kapea kultakehys."
"http://www.cs.helsinki.fi/group/seco/ns/2004/03/18-esinekortti#NBA_H26069_278.3	Pyöreä miniatyyri, nuoren naisen rintakuva oikealle, katse eteenpäin. Tummanruskeat, kiharat hiukset, jakaus keskellä päätä. Tummaruskeat silmät, tuuheat tummat kulmakarvat. Rusottavat posket. Vaalea, lyhythihainen ja avokaulainen puku, kauluksessa ja hihansuissa kapea pitsi. Suuri sininen huivi oikealla olkapäällä. Kaulassa helminauha suurista helmistä. Tumman sinivihreä tausta. Ohuet kupari(?)kehykset. Kuvan päällä lasi. Takana pahvi. Kiinnitetty mustaksi lakattuun, viiteen osaan taittuvaan puuraamiin jossa miniatyyrit KM 26069:278.1-8."
"http://www.cs.helsinki.fi/group/seco/ns/2004/03/18-esinekortti#ECM_3451_1	Pyöreä maljakko, jonka kyljessä 4 paksumpaa oranssia raitaa sekä ohuita viivoja. Väleissä tyyliteltyä sini-vihreätä kukkaköynnöstä. Lasimassassa pohjalla kirkas, päällä luulasi."
"http://www.cs.helsinki.fi/group/seco/ns/2004/03/18-esinekortti#LahtiLKM_LHM_LHM_ES_86032_10	Mikki seisoo kädet selän takana, käsissään kukka. Katse ylöspäin, hymyssäsuin. Mikillä on jalassaan punaiset sortsit, leuan alla vaalenasininen rusetti."
"http://www.cs.helsinki.fi/group/seco/ns/2004/03/18-esinekortti#LahtiLKM_LHM_LHM_ES_93056_60	Valkoiseksi maalattu lasten pinnasänky. Laidassa 10 pinnaa. Laitojen jalat lautamaiset, jatkuvat ylös asti. Päädyt yhtä korkeat kuin laidat. Pohjassa kaksi eri korkeusvaihtoehtoa. Päätylevyt päällystetty ja pehmustettu muovitetulla oranssinvärisellä kankaalla."
"http://www.cs.helsinki.fi/group/seco/ns/2004/03/18-esinekortti#NBA_H4388_81	Soikea miniatyyri, nuoren miehen rintakuva vasemmalle. Vaaleat hiukset, korkea otsa, siniset silmät. Tumman sinimusta kadettiunivormu, punaiset kanttaukset, korkea kaulus. Hopeanväriset napit, koristelut, epoletit ja kaluunat. Sininen tausta. Kapea messinkikehys, ollut kiinni suorakaiteen muotoisessa, mustaksi petsatusta puusta valmistetussa kehyksessä, jossa ripustuslenkki ja koristeruusukkeet metallista."
"http://www.cs.helsinki.fi/group/seco/ns/2004/03/18-esinekortti#NBA_H8354	Pyöreä maalaus, ilmeisesti valokuvan mukaan tehty. Miehen rintakuva en face. Lyhyet hiukset, viikset. Musta takki, valkoinen paita, musta rusetti. Takin kauluskäänteessä kullanvärinen merkki. Harmaa tausta. Suorakaiteen muotoinen, mustaksi maalattu puukehys. Kehyksen alareunassa kullanvärinen nimikyltti jossa teksti N. GERARD. Kuvan ympärillä kullanvärinen passepartout jossa pyöreä kuva-aukko. Samantyyppisiä miniatyyrikuvia myytiin paperikaupoissa 1900-luvun alussa. Kuva laitettiin seisomaan telineen avulla pöydälle."
"http://www.cs.helsinki.fi/group/seco/ns/2004/03/18-esinekortti#NBA_H32100_135	Suorakaiteen muotoinen miniatyyri. Istuvan keski-ikäisen miehen kokovartalokuva oikealle. Harmahtava peruukki, sininen pitkä kotitakki, jossa vihreä vuori ja hihankäänteet. Valkoinen paita jossa pitsiä hihansuissa ja kauluksessa. Punaiset polvihousut, valkoiset sukat, keltaiset kengät. Vaaleanpunaisella kankaalla verhoiltu tuoli, oikealla puolella on pöytä johon malli nojaa vasemmalla kädellään. Pöydän alla töyhtökoristeinen kypärä. Oikeassa kädessään mallilla on naishenkilöä esittävä piirros. Kuvan vasemmassa reunassa oviaukko jossa punainen verho. Ruudullinen lattia, taustalla kirjahylly, oikeassa reunassa valkoinen antiikkinen reliefi ja sen yläpuolella seinällä taulu, joka esittää istuvaa naista (vrt. tämän miniatyyrin pari, Hessen-Homburgin markkreivitärtä esittävä miniatyyri KM 32100:134). Leveä kullattu puukehys. Kuvan päällä vanha lasi. Teosta on pidetty Alexander Roslinin tekemänä, mutta se on (mahdollisesti venäläinen) kopio Roslinin alkuperäisteoksesta vuodelta 1758. Roslinin signeeraama originaaliteos oli myytävänä Sothebyllä Lontoossa 1970."
"http://www.cs.helsinki.fi/group/seco/ns/2004/03/18-esinekortti#LahtiLKM_LHM_LHM_ES_98055_86	Seinälle kiinnitettävä kuivausteline. Sisällä puinen tela, jonka ympärille on kiedottu neljä eri kuivausnarua. Narujen esiintulevat päät on solmittu edessä olevaan irralliseen päätyyn. Päädyssä on metallilenkit, joiden avulla se voidaan kiinnittää vastakkaiselle seinälle kuin itse runko. Narut saadaan esiin vetämällä irrallista päätyä ja vääntämällä sivussa olevaa nappulaa."
"http://www.cs.helsinki.fi/group/seco/ns/2004/03/18-esinekortti#NBA_H8104_2	Soikea miniatyyri. Miehen rintakuva, vartalo vasemmalle. Tummanruskeat lyhyet hiukset ja viikset, siniset silmät. Suomen kaartin univormu: tummanvihreä takki, hopeiset napit ja epoletit, siniset kanttaukset. Musta kaulaliina. Vaaleanharmaa tausta. Kapea metallikehys (kuparia?). Miniatyyrin päällä lasi.  Nahkakotelo jossa vihreä samettivuoraus. Kotelossa on syvennys miniatyyriä varten. Miniatyyrin ympärillä kotelossa neljä messinkiruusuketta."
"http://www.cs.helsinki.fi/group/seco/ns/2004/03/18-esinekortti#NBA_H26069_275.2	Pyöreä miniatyyri. Rintakuva pilven reunan takaa katsovasta pikkulapsesta, jolla siivet. Lapsella ruskeat hiukset ja tummansiniset silmät. Siivet vihertävän siniset. Etualalla rusottavan harmaita pilviä, tausta siniharmaa. Kuvan päällä kupera lasi. Kapea metallikehys. Sijoitettu suorakaiteen muotoiseen, mustaksi maalattuun puukehykseen yhdessä minatyyrien KM 26069:275.1 ja 3-6 kanssa. Puukehyksen yläreunassa metallinen ripustuslenkki ja -rengas. Miniatyyri esittää yksityiskohtaa Dresdenissä olevasta taulusta. Lasta pidettiin Alexander Armfeltin näköisenä."
"http://www.cs.helsinki.fi/group/seco/ns/2004/03/18-esinekortti#NBA_H26069_276	""Pyöreä miniatyyri, miehen rintakuva oikealle.Ruskeat eteen kammatut, kiharat hiukset, siniset silmät. Valkoinen pystykauluksinen univormu, jossa sininen etumus. Valkoiset tai hopeanväriset napit, epoletit, kaluunat ja nyörit. Sininen liivi, valkoinen paita ja röyhelö. Musta kaulahuivi. Kellanruskea tausta. Kuvan päällä lasi. Miniatyyrin ympärillä kapea messinki(?)kehys. Sijoitettu neliskulmaiseen, mustaksi maalattuun puukehykseen. Professori Gripenbergin mukaan henkilö on univormun perusteella ollut adjutantti ja  """"officier vid livgardet till häst"""" (henkirakuunakaarti?). Univormu on ollut käytössä vuosina 1798-1806."""
"http://www.cs.helsinki.fi/group/seco/ns/2004/03/18-esinekortti#NBA_H7861	""Keski-ikäinen mies, jolla on puuteroitu peruukki, kankipalmikko, siniharmaat silmät ja sinikeltainen kustavilainen univormu, rintakuva hieman. Harmaa tausta. Miniatyyrin päällä lasi. Soikea, punoskoristeinen kultakehys, jossa ylhäällä kultarosetti, aiemmin luultavasti helmikoristeinen. Kääntöpuolella lasin alla ruskeista hiuksista punottu verkko.  Punainen rasia. Miniatyyrin on maalannut Gillberg perimätiedon mukaan Pariisissa, jonne Kustaa III oli lähettänyt Fieandtin tiedustelemaan, """"piirtämään valkoisiin hansikkaisiinsa kaupungin linnoituksia""""."""
"http://www.cs.helsinki.fi/group/seco/ns/2004/03/18-esinekortti#ECM_2086_8	Soikea pallo, keskiviivassa taite. Yläosassa dreijausraitoja, alaosa sileä. Kaatonokassa pyöreä, viisto, matalahko kaula, jossa pyöreä suu,lähtee päältä hiukan sivusta. Kädensija kaarevasti suureunan alta rungon puoliväliin, litteä, alaspäin levenevä. Vihreän turkoosissa värissä sangan alla voimakkaampia kohtia. Ulkopohjassa tuotenumero K 10."
"http://www.cs.helsinki.fi/group/seco/ns/2004/03/18-esinekortti#NBA_H6000_30	Soikea miniatyyri. Keski-ikäisen miehen rintakuva, vartalo vasemmalle. Ohuet harmaanvalkeat hiukset, siniharmaat silmät. Musta takki jossa kullanväriset napit, valkoinen liivi ja huivi. Kaulassa harmaanvihreässä nauhassa Vaasa-ritarikunnan merkki. Siniharmaa tausta. Kapea kullattu kehys. Ripustuslenkki. Lasi."
"http://www.cs.helsinki.fi/group/seco/ns/2004/03/18-esinekortti#NBA_H7044	Naisen muotokuva, polvikuva, hiukan vasemmalle. Siniset silmät, hiukset vedetty valkoisen myssyn alle. Musta samettipuku, leveä valkoinen laskostettu kaulus. Kultakoristeinen kaulus ja hihansuut. Paksu kultakääty jossa kookas pyöreä kultamedaljonki, kultasormuksia.Tummanruskea tausta. Muotokuva on löydetty 1800-luvun alussa Ruotsista Villbergan kirkosta haudan korjauksen yhteydessä. Muotokuvaa pidettiin aikaisemmin Elin Flemingin muotokuvana, minkä tohtori Riitta Pylkkänen on osoittanut virheelliseksi."
"http://www.cs.helsinki.fi/group/seco/ns/2004/03/18-esinekortti#NBA_H32100_63	Soikea emaliminiatyyri. Miehen rintakuva, vartalo oikealle, pää hieman vasemmalle. Tummanruskea kihara peruukki, pienet viikset, ruskeat silmät. Harmaa haarniska jossa kullattu kaula-aukko, valkoinen kaulaliina. Sinipunainen viitta jossa kärpännahkareunukset. Vaaleanruskea tausta. Ohut kuparikehys jossa ripustuslenkki. Konservaattori Veikko Kiljunen puhdistanut vuonna 1959. Ostettu Hammerin huutokaupasta (nro 346). Huutokaupassa mainittu Elias Brennerin tekemäksi, mutta Oldenbugin kokoelmassa oleva samanlainen on merkitty E.K. Miniatyyri kuuluu Ehrenstrahlin tyyppiin G:2."
"http://www.cs.helsinki.fi/group/seco/ns/2004/03/18-esinekortti#ECM_2519_15	Pystyn suorakaition muotoinen rasia, joka petsattu ruskeaksi. Kansilevyssä rako. Etuseinässä sabloonalla maalattu tummanruskea karhunpää ja viisto Merkuriuksen sauva."
"http://www.cs.helsinki.fi/group/seco/ns/2004/03/18-esinekortti#NBA_H26069_279.4	Soikea miniatyyri, nuoren naisen rintakuva vasemmalle, kasvot eteen. Tummat, taakse nutturalle kootut hiukset, joiden koristeena helminauhoja. Tummanruskeat silmät. Vaaleanpunainen, avokaulainen puku, kaula-aukon reunassa valkoinen pitsi ja vaaleanpunainen ruusuke. Kaulan ympärillä valkoinen pitsiröyhelö. Vaaleanruskea tausta.Voimakkaasti profiloitu messinkikehys. Kuvan päällä lasi, kääntöpuolella kupari(?)levy. Miniatyyri on kiinnitetty mustaksi lakattuun, viiteen osaan taittuvaan puuraamiin, jossa on miniatyyrit KM 26069:279.1-11. Mahdollisesti englantilainen? Esim. miniatyyrimaalari George Engleheartin (1750-1829) varhaista tuotantoa?"
"http://www.cs.helsinki.fi/group/seco/ns/2004/03/18-esinekortti#NBA_H6891	Soikea miniatyyri. Keski-ikäisen miehen rintakuva oikealle. Puuteroidut hiukset, siniset silmät.Tummansininen takki, korkea kaulus, keltaiset kauluskäänteet. Hopeanväriset napit. Valkoinen liivi, paita ja kaulaliina röyhelöineen. Tummanharmaa tausta. Kullattu soikea kehys, ja rusetti jossa ripustuslenkki ja -rengas. Kehyksessä ja rusetissa helmiä. Kääntöpuolella hiuksista punotulla taustalla kultakirjaimin monogrammi JW. Miniatyyrin ja kääntöpuolen päällä lasit."
"http://www.cs.helsinki.fi/group/seco/ns/2004/03/18-esinekortti#LahtiLKM_LHM_LHM_ES_99040_38	Lähes neliömäinen kaappiosa. Jalkaosan muodostaa yhtenäinen sarja. Liukuovet. Kaappi jakautuu 6 tasoon. Kaappeihin kuuluu 4 korkeareunaista ulosvedettävää laatikkoa. Laatikoiden paikka ei vakio. Taustaseinä vaneria."
"http://www.cs.helsinki.fi/group/seco/ns/2004/03/18-esinekortti#NBA_H32100_134	Suorakaiteen muotoinen miniatyyri. Istuvan naisen kokovartalomuotokuva vasemmalle. Harmaaksi puuteroidut hiukset, hiuksissa kukkia, kaulassa sininen nauha. Koristeellinen vaalea puku jossa sinisiä rusetteja miehustassa ja hihansuissa, hihoissa leveät pitsiröyhelöt. Rintatähti ja punainen ansiomerkin nauha, Pyhän Katariinan ritarikunnan ensimmäisen luokan ritarimerkki. Malli istuu tuolilla, joka on verhoiltu kukkakoristeisella sinisellä kankaalla, toinen jalka on nostettu jakkaralle, jonka verhoiluna on samaa kangasta. Naisen jalkojen juuressa on pieni musta koira. Lattialla sini-punainen matto, vasemmalla avoin ikkuna, ikkunassa siniset verhot. Ikkunan edessä pöytä jolla on kirjoja. Malli nojaa vasemmalla kädellä pöytään ja kirjoihin ja pitää oikeassa kädessä sylissään yhtä kirjaa. Takana oikealla näkyy ilmeisesti takanreunus, jonka päällä on patsas. Lattialla vasemmalla karttapallo, kirja ja karttarulla (?). Leveät, kullatut puuraamit. Vanha lasi. Teosta on pidetty Alexander Roslinin maalaamana, mutta se on (mahdollisesti venäläinen) kopio Roslinin alkuperäistyöstä vuodelta 1758. Roslinin signeeraama originaaliteos on ollut myytävänä Sothebyllä Lontoossa vuonna 1970."
"http://www.cs.helsinki.fi/group/seco/ns/2004/03/18-esinekortti#LahtiLKM_LHM_LHM_ES_97054_6	Nelikulmainen, reunat voimakkaasti pyöristetyt. Pohjassa matala jalkarengas, jossa reikä kiinnitystä varten. Pinnan peittää naturalistinen ruusunkukka ja -nuppu lehtineen."
"http://www.cs.helsinki.fi/group/seco/ns/2004/03/18-esinekortti#NBA_H26069_278_2	Naisen ovaali puolivartalokuva oikealle. Hiukset edestä ja sivuilta lyhyet ja kiharat, takana pitkät. Siniharmaa avokaulainen puku, hartioiden ympärille kiedottu liina, punainen vyö. Miniatyyri on kiinnitetty mustaksi lakattuun, viiteen osaan taittuvaan puuraamiin, jossa miniatyyrit KM 26069:278.1-8."
"http://www.cs.helsinki.fi/group/seco/ns/2004/03/18-esinekortti#LahtiLKM_LHM_LHM_ES_2265_5_a	Matalahko jalka, kaartuen levenevät sivut, suun reuna melko voimakkaasti uloskääntyvä"
"http://www.cs.helsinki.fi/group/seco/ns/2004/03/18-esinekortti#NBA_H55001	Soikea kultainen medaljonki, jonka sisällä miniatyyrimaalaus. Nuoren naisen rintakuva: jakaukselle kammatut ruskeat hiukset, korkkiruuvikiharat korvilla, harmaat silmät. Musta puku, jossa V-muotoinen kaula-aukko. Kaula-aukossa rintamus valkoisesta pitsistä sekä pieni pitsikaulus. Rinnassa korallikoristeinen rintaneula. Harmaa tausta. Medaljongin etuosa aukeaa miniatyyrin edestä kahdessa osassa pariovien tapaan. Medaljongin pinnassa lehtikiemura- ja kukka-aiheista kaiverruskoristelua. Ripustuslenkki. Miniatyyrin edessä lasi. Miniatyyrissä mallin rinnassa oleva korallikoristeinen rintaneula on vuonna 1955 ollut edelleen medaljongin myyjän, rouva May Grönbergin hallussa."
